--2024-08-20 12:54:12--  https://ftp.mcs.anl.gov/pub/petsc/release-snapshots/petsc-3.17.4.tar.gz
Resolving ftp.mcs.anl.gov (ftp.mcs.anl.gov)... 172.65.90.27, 172.65.90.24, 172.65.90.25, ...
Connecting to ftp.mcs.anl.gov (ftp.mcs.anl.gov)|172.65.90.27|:443... connected.
HTTP request sent, awaiting response... 200 OK
Length: 16420820 (16M) [application/x-gzip]
Saving to: ‘petsc-3.17.4.tar.gz’

     0K .......... .......... .......... .......... ..........  0%  612K 26s
    50K .......... .......... .......... .......... ..........  0%  645K 25s
   100K .......... .......... .......... .......... ..........  0% 1.70M 20s
   150K .......... .......... .......... .......... ..........  1% 1.44M 18s
   200K .......... .......... .......... .......... ..........  1% 1.98M 16s
   250K .......... .......... .......... .......... ..........  1% 2.47M 14s
   300K .......... .......... .......... .......... ..........  2% 2.51M 13s
   350K .......... .......... .......... .......... ..........  2% 2.32M 12s
   400K .......... .......... .......... .......... ..........  2% 4.04M 11s
   450K .......... .......... .......... .......... ..........  3% 4.89M 10s
   500K .......... .......... .......... .......... ..........  3% 5.38M 10s
   550K .......... .......... .......... .......... ..........  3% 5.22M 9s
   600K .......... .......... .......... .......... ..........  4% 5.34M 8s
   650K .......... .......... .......... .......... ..........  4% 6.10M 8s
   700K .......... .......... .......... .......... ..........  4% 5.82M 8s
   750K .......... .......... .......... .......... ..........  4% 5.14M 7s
   800K .......... .......... .......... .......... ..........  5% 7.28M 7s
   850K .......... .......... .......... .......... ..........  5% 6.97M 7s
   900K .......... .......... .......... .......... ..........  5% 8.30M 6s
   950K .......... .......... .......... .......... ..........  6% 7.83M 6s
  1000K .......... .......... .......... .......... ..........  6% 9.10M 6s
  1050K .......... .......... .......... .......... ..........  6% 13.2M 6s
  1100K .......... .......... .......... .......... ..........  7% 7.90M 5s
  1150K .......... .......... .......... .......... ..........  7% 8.29M 5s
  1200K .......... .......... .......... .......... ..........  7% 10.8M 5s
  1250K .......... .......... .......... .......... ..........  8% 13.3M 5s
  1300K .......... .......... .......... .......... ..........  8% 10.9M 5s
  1350K .......... .......... .......... .......... ..........  8% 11.2M 5s
  1400K .......... .......... .......... .......... ..........  9% 13.3M 5s
  1450K .......... .......... .......... .......... ..........  9% 16.4M 4s
  1500K .......... .......... .......... .......... ..........  9% 12.7M 4s
  1550K .......... .......... .......... .......... ..........  9% 11.5M 4s
  1600K .......... .......... .......... .......... .......... 10% 14.3M 4s
  1650K .......... .......... .......... .......... .......... 10% 16.6M 4s
  1700K .......... .......... .......... .......... .......... 10% 16.0M 4s
  1750K .......... .......... .......... .......... .......... 11% 15.0M 4s
  1800K .......... .......... .......... .......... .......... 11% 21.2M 4s
  1850K .......... .......... .......... .......... .......... 11% 12.8M 4s
  1900K .......... .......... .......... .......... .......... 12% 15.3M 3s
  1950K .......... .......... .......... .......... .......... 12% 12.3M 3s
  2000K .......... .......... .......... .......... .......... 12% 17.0M 3s
  2050K .......... .......... .......... .......... .......... 13% 24.2M 3s
  2100K .......... .......... .......... .......... .......... 13% 15.0M 3s
  2150K .......... .......... .......... .......... .......... 13% 17.7M 3s
  2200K .......... .......... .......... .......... .......... 14% 18.4M 3s
  2250K .......... .......... .......... .......... .......... 14% 28.5M 3s
  2300K .......... .......... .......... .......... .......... 14% 16.7M 3s
  2350K .......... .......... .......... .......... .......... 14% 14.1M 3s
  2400K .......... .......... .......... .......... .......... 15% 28.8M 3s
  2450K .......... .......... .......... .......... .......... 15% 19.6M 3s
  2500K .......... .......... .......... .......... .......... 15% 22.2M 3s
  2550K .......... .......... .......... .......... .......... 16% 24.9M 3s
  2600K .......... .......... .......... .......... .......... 16% 27.4M 3s
  2650K .......... .......... .......... .......... .......... 16% 20.2M 3s
  2700K .......... .......... .......... .......... .......... 17% 23.2M 3s
  2750K .......... .......... .......... .......... .......... 17% 18.2M 2s
  2800K .......... .......... .......... .......... .......... 17% 23.5M 2s
  2850K .......... .......... .......... .......... .......... 18% 26.3M 2s
  2900K .......... .......... .......... .......... .......... 18% 23.4M 2s
  2950K .......... .......... .......... .......... .......... 18% 39.1M 2s
  3000K .......... .......... .......... .......... .......... 19% 19.9M 2s
  3050K .......... .......... .......... .......... .......... 19% 33.6M 2s
  3100K .......... .......... .......... .......... .......... 19% 28.4M 2s
  3150K .......... .......... .......... .......... .......... 19% 21.6M 2s
  3200K .......... .......... .......... .......... .......... 20% 24.2M 2s
  3250K .......... .......... .......... .......... .......... 20% 44.8M 2s
  3300K .......... .......... .......... .......... .......... 20% 24.9M 2s
  3350K .......... .......... .......... .......... .......... 21% 30.0M 2s
  3400K .......... .......... .......... .......... .......... 21% 24.4M 2s
  3450K .......... .......... .......... .......... .......... 21% 43.1M 2s
  3500K .......... .......... .......... .......... .......... 22% 26.5M 2s
  3550K .......... .......... .......... .......... .......... 22% 23.9M 2s
  3600K .......... .......... .......... .......... .......... 22% 42.2M 2s
  3650K .......... .......... .......... .......... .......... 23% 29.9M 2s
  3700K .......... .......... .......... .......... .......... 23% 32.8M 2s
  3750K .......... .......... .......... .......... .......... 23% 30.2M 2s
  3800K .......... .......... .......... .......... .......... 24% 42.2M 2s
  3850K .......... .......... .......... .......... .......... 24% 21.3M 2s
  3900K .......... .......... .......... .......... .......... 24% 50.2M 2s
  3950K .......... .......... .......... .......... .......... 24% 22.3M 2s
  4000K .......... .......... .......... .......... .......... 25% 30.5M 2s
  4050K .......... .......... .......... .......... .......... 25% 41.4M 2s
  4100K .......... .......... .......... .......... .......... 25% 50.8M 2s
  4150K .......... .......... .......... .......... .......... 26% 25.3M 2s
  4200K .......... .......... .......... .......... .......... 26% 31.6M 2s
  4250K .......... .......... .......... .......... .......... 26% 43.2M 2s
  4300K .......... .......... .......... .......... .......... 27% 37.0M 2s
  4350K .......... .......... .......... .......... .......... 27% 27.7M 2s
  4400K .......... .......... .......... .......... .......... 27% 42.5M 2s
  4450K .......... .......... .......... .......... .......... 28% 26.8M 1s
  4500K .......... .......... .......... .......... .......... 28% 30.7M 1s
  4550K .......... .......... .......... .......... .......... 28% 65.1M 1s
  4600K .......... .......... .......... .......... .......... 28% 64.0M 1s
  4650K .......... .......... .......... .......... .......... 29% 28.1M 1s
  4700K .......... .......... .......... .......... .......... 29% 34.9M 1s
  4750K .......... .......... .......... .......... .......... 29% 33.4M 1s
  4800K .......... .......... .......... .......... .......... 30% 76.6M 1s
  4850K .......... .......... .......... .......... .......... 30% 64.3M 1s
  4900K .......... .......... .......... .......... .......... 30% 33.1M 1s
  4950K .......... .......... .......... .......... .......... 31% 26.6M 1s
  5000K .......... .......... .......... .......... .......... 31% 77.9M 1s
  5050K .......... .......... .......... .......... .......... 31% 34.0M 1s
  5100K .......... .......... .......... .......... .......... 32% 76.0M 1s
  5150K .......... .......... .......... .......... .......... 32% 26.9M 1s
  5200K .......... .......... .......... .......... .......... 32% 67.7M 1s
  5250K .......... .......... .......... .......... .......... 33% 57.2M 1s
  5300K .......... .......... .......... .......... .......... 33% 31.2M 1s
  5350K .......... .......... .......... .......... .......... 33% 80.8M 1s
  5400K .......... .......... .......... .......... .......... 33% 29.8M 1s
  5450K .......... .......... .......... .......... .......... 34% 62.5M 1s
  5500K .......... .......... .......... .......... .......... 34% 45.9M 1s
  5550K .......... .......... .......... .......... .......... 34% 42.3M 1s
  5600K .......... .......... .......... .......... .......... 35% 60.5M 1s
  5650K .......... .......... .......... .......... .......... 35% 33.6M 1s
  5700K .......... .......... .......... .......... .......... 35% 79.2M 1s
  5750K .......... .......... .......... .......... .......... 36% 48.7M 1s
  5800K .......... .......... .......... .......... .......... 36% 34.6M 1s
  5850K .......... .......... .......... .......... .......... 36% 82.7M 1s
  5900K .......... .......... .......... .......... .......... 37% 34.7M 1s
  5950K .......... .......... .......... .......... .......... 37% 73.7M 1s
  6000K .......... .......... .......... .......... .......... 37% 62.6M 1s
  6050K .......... .......... .......... .......... .......... 38% 38.8M 1s
  6100K .......... .......... .......... .......... .......... 38% 88.2M 1s
  6150K .......... .......... .......... .......... .......... 38% 34.0M 1s
  6200K .......... .......... .......... .......... .......... 38% 86.9M 1s
  6250K .......... .......... .......... .......... .......... 39% 88.8M 1s
  6300K .......... .......... .......... .......... .......... 39% 52.5M 1s
  6350K .......... .......... .......... .......... .......... 39% 44.9M 1s
  6400K .......... .......... .......... .......... .......... 40% 59.9M 1s
  6450K .......... .......... .......... .......... .......... 40% 39.3M 1s
  6500K .......... .......... .......... .......... .......... 40% 86.9M 1s
  6550K .......... .......... .......... .......... .......... 41% 51.3M 1s
  6600K .......... .......... .......... .......... .......... 41% 59.6M 1s
  6650K .......... .......... .......... .......... .......... 41% 62.9M 1s
  6700K .......... .......... .......... .......... .......... 42% 87.9M 1s
  6750K .......... .......... .......... .......... .......... 42% 45.1M 1s
  6800K .......... .......... .......... .......... .......... 42% 55.8M 1s
  6850K .......... .......... .......... .......... .......... 43% 55.6M 1s
  6900K .......... .......... .......... .......... .......... 43% 52.2M 1s
  6950K .......... .......... .......... .......... .......... 43% 80.5M 1s
  7000K .......... .......... .......... .......... .......... 43% 59.0M 1s
  7050K .......... .......... .......... .......... .......... 44% 62.3M 1s
  7100K .......... .......... .......... .......... .......... 44% 50.4M 1s
  7150K .......... .......... .......... .......... .......... 44% 58.5M 1s
  7200K .......... .......... .......... .......... .......... 45% 84.6M 1s
  7250K .......... .......... .......... .......... .......... 45% 65.8M 1s
  7300K .......... .......... .......... .......... .......... 45% 57.6M 1s
  7350K .......... .......... .......... .......... .......... 46% 66.2M 1s
  7400K .......... .......... .......... .......... .......... 46% 88.9M 1s
  7450K .......... .......... .......... .......... .......... 46% 48.9M 1s
  7500K .......... .......... .......... .......... .......... 47% 50.2M 1s
  7550K .......... .......... .......... .......... .......... 47% 46.2M 1s
  7600K .......... .......... .......... .......... .......... 47% 65.8M 1s
  7650K .......... .......... .......... .......... .......... 48% 77.5M 1s
  7700K .......... .......... .......... .......... .......... 48% 84.5M 1s
  7750K .......... .......... .......... .......... .......... 48% 78.8M 1s
  7800K .......... .......... .......... .......... .......... 48% 33.4M 1s
  7850K .......... .......... .......... .......... .......... 49% 76.4M 1s
  7900K .......... .......... .......... .......... .......... 49% 85.5M 1s
  7950K .......... .......... .......... .......... .......... 49% 60.5M 1s
  8000K .......... .......... .......... .......... .......... 50% 44.1M 1s
  8050K .......... .......... .......... .......... .......... 50% 68.9M 1s
  8100K .......... .......... .......... .......... .......... 50% 63.3M 1s
  8150K .......... .......... .......... .......... .......... 51% 75.7M 1s
  8200K .......... .......... .......... .......... .......... 51% 72.3M 1s
  8250K .......... .......... .......... .......... .......... 51% 55.7M 1s
  8300K .......... .......... .......... .......... .......... 52% 69.8M 1s
  8350K .......... .......... .......... .......... .......... 52% 60.6M 1s
  8400K .......... .......... .......... .......... .......... 52% 84.8M 1s
  8450K .......... .......... .......... .......... .......... 53% 63.6M 1s
  8500K .......... .......... .......... .......... .......... 53% 76.3M 1s
  8550K .......... .......... .......... .......... .......... 53% 50.1M 1s
  8600K .......... .......... .......... .......... .......... 53% 75.6M 1s
  8650K .......... .......... .......... .......... .......... 54% 84.4M 1s
  8700K .......... .......... .......... .......... .......... 54% 85.5M 1s
  8750K .......... .......... .......... .......... .......... 54% 49.3M 1s
  8800K .......... .......... .......... .......... .......... 55% 76.5M 1s
  8850K .......... .......... .......... .......... .......... 55% 70.6M 1s
  8900K .......... .......... .......... .......... .......... 55% 83.9M 1s
  8950K .......... .......... .......... .......... .......... 56% 79.4M 1s
  9000K .......... .......... .......... .......... .......... 56% 58.8M 1s
  9050K .......... .......... .......... .......... .......... 56% 72.5M 1s
  9100K .......... .......... .......... .......... .......... 57% 85.0M 1s
  9150K .......... .......... .......... .......... .......... 57% 54.1M 0s
  9200K .......... .......... .......... .......... .......... 57%  100M 0s
  9250K .......... .......... .......... .......... .......... 57%  101M 0s
  9300K .......... .......... .......... .......... .......... 58% 98.4M 0s
  9350K .......... .......... .......... .......... .......... 58% 77.2M 0s
  9400K .......... .......... .......... .......... .......... 58% 81.2M 0s
  9450K .......... .......... .......... .......... .......... 59% 84.9M 0s
  9500K .......... .......... .......... .......... .......... 59% 71.1M 0s
  9550K .......... .......... .......... .......... .......... 59% 48.6M 0s
  9600K .......... .......... .......... .......... .......... 60% 66.9M 0s
  9650K .......... .......... .......... .......... .......... 60% 95.6M 0s
  9700K .......... .......... .......... .......... .......... 60% 98.6M 0s
  9750K .......... .......... .......... .......... .......... 61% 92.8M 0s
  9800K .......... .......... .......... .......... .......... 61%  104M 0s
  9850K .......... .......... .......... .......... .......... 61% 62.8M 0s
  9900K .......... .......... .......... .......... .......... 62% 62.5M 0s
  9950K .......... .......... .......... .......... .......... 62% 57.5M 0s
 10000K .......... .......... .......... .......... .......... 62% 65.6M 0s
 10050K .......... .......... .......... .......... .......... 62% 66.3M 0s
 10100K .......... .......... .......... .......... .......... 63% 69.1M 0s
 10150K .......... .......... .......... .......... .......... 63% 55.6M 0s
 10200K .......... .......... .......... .......... .......... 63% 65.6M 0s
 10250K .......... .......... .......... .......... .......... 64% 69.2M 0s
 10300K .......... .......... .......... .......... .......... 64% 65.5M 0s
 10350K .......... .......... .......... .......... .......... 64% 56.1M 0s
 10400K .......... .......... .......... .......... .......... 65% 63.9M 0s
 10450K .......... .......... .......... .......... .......... 65% 65.0M 0s
 10500K .......... .......... .......... .......... .......... 65% 63.1M 0s
 10550K .......... .......... .......... .......... .......... 66% 57.8M 0s
 10600K .......... .......... .......... .......... .......... 66% 64.4M 0s
 10650K .......... .......... .......... .......... .......... 66% 62.9M 0s
 10700K .......... .......... .......... .......... .......... 67% 57.7M 0s
 10750K .......... .......... .......... .......... .......... 67% 52.3M 0s
 10800K .......... .......... .......... .......... .......... 67% 54.8M 0s
 10850K .......... .......... .......... .......... .......... 67% 55.1M 0s
 10900K .......... .......... .......... .......... .......... 68% 59.9M 0s
 10950K .......... .......... .......... .......... .......... 68% 55.7M 0s
 11000K .......... .......... .......... .......... .......... 68% 64.1M 0s
 11050K .......... .......... .......... .......... .......... 69% 64.5M 0s
 11100K .......... .......... .......... .......... .......... 69% 66.4M 0s
 11150K .......... .......... .......... .......... .......... 69% 49.0M 0s
 11200K .......... .......... .......... .......... .......... 70% 57.4M 0s
 11250K .......... .......... .......... .......... .......... 70% 58.0M 0s
 11300K .......... .......... .......... .......... .......... 70% 57.8M 0s
 11350K .......... .......... .......... .......... .......... 71% 55.0M 0s
 11400K .......... .......... .......... .......... .......... 71% 64.2M 0s
 11450K .......... .......... .......... .......... .......... 71% 64.4M 0s
 11500K .......... .......... .......... .......... .......... 72% 64.2M 0s
 11550K .......... .......... .......... .......... .......... 72% 49.0M 0s
 11600K .......... .......... .......... .......... .......... 72% 51.8M 0s
 11650K .......... .......... .......... .......... .......... 72% 52.6M 0s
 11700K .......... .......... .......... .......... .......... 73% 58.4M 0s
 11750K .......... .......... .......... .......... .......... 73% 57.5M 0s
 11800K .......... .......... .......... .......... .......... 73% 61.5M 0s
 11850K .......... .......... .......... .......... .......... 74% 86.2M 0s
 11900K .......... .......... .......... .......... .......... 74% 95.2M 0s
 11950K .......... .......... .......... .......... .......... 74% 78.9M 0s
 12000K .......... .......... .......... .......... .......... 75% 91.3M 0s
 12050K .......... .......... .......... .......... .......... 75% 92.2M 0s
 12100K .......... .......... .......... .......... .......... 75% 93.9M 0s
 12150K .......... .......... .......... .......... .......... 76% 83.5M 0s
 12200K .......... .......... .......... .......... .......... 76% 91.5M 0s
 12250K .......... .......... .......... .......... .......... 76% 97.5M 0s
 12300K .......... .......... .......... .......... .......... 77% 92.9M 0s
 12350K .......... .......... .......... .......... .......... 77% 79.0M 0s
 12400K .......... .......... .......... .......... .......... 77% 99.4M 0s
 12450K .......... .......... .......... .......... .......... 77% 93.1M 0s
 12500K .......... .......... .......... .......... .......... 78% 92.8M 0s
 12550K .......... .......... .......... .......... .......... 78% 75.0M 0s
 12600K .......... .......... .......... .......... .......... 78% 88.8M 0s
 12650K .......... .......... .......... .......... .......... 79% 89.8M 0s
 12700K .......... .......... .......... .......... .......... 79% 93.3M 0s
 12750K .......... .......... .......... .......... .......... 79% 76.1M 0s
 12800K .......... .......... .......... .......... .......... 80% 93.5M 0s
 12850K .......... .......... .......... .......... .......... 80% 96.6M 0s
 12900K .......... .......... .......... .......... .......... 80% 97.7M 0s
 12950K .......... .......... .......... .......... .......... 81% 79.8M 0s
 13000K .......... .......... .......... .......... .......... 81% 91.2M 0s
 13050K .......... .......... .......... .......... .......... 81% 85.9M 0s
 13100K .......... .......... .......... .......... .......... 82% 84.5M 0s
 13150K .......... .......... .......... .......... .......... 82% 76.3M 0s
 13200K .......... .......... .......... .......... .......... 82% 88.5M 0s
 13250K .......... .......... .......... .......... .......... 82% 87.1M 0s
 13300K .......... .......... .......... .......... .......... 83% 85.4M 0s
 13350K .......... .......... .......... .......... .......... 83% 85.0M 0s
 13400K .......... .......... .......... .......... .......... 83% 94.6M 0s
 13450K .......... .......... .......... .......... .......... 84% 94.9M 0s
 13500K .......... .......... .......... .......... .......... 84% 91.6M 0s
 13550K .......... .......... .......... .......... .......... 84% 74.7M 0s
 13600K .......... .......... .......... .......... .......... 85% 88.1M 0s
 13650K .......... .......... .......... .......... .......... 85% 89.7M 0s
 13700K .......... .......... .......... .......... .......... 85% 86.3M 0s
 13750K .......... .......... .......... .......... .......... 86% 74.0M 0s
 13800K .......... .......... .......... .......... .......... 86% 91.2M 0s
 13850K .......... .......... .......... .......... .......... 86% 91.4M 0s
 13900K .......... .......... .......... .......... .......... 86% 97.9M 0s
 13950K .......... .......... .......... .......... .......... 87% 80.3M 0s
 14000K .......... .......... .......... .......... .......... 87% 90.7M 0s
 14050K .......... .......... .......... .......... .......... 87% 98.8M 0s
 14100K .......... .......... .......... .......... .......... 88% 93.1M 0s
 14150K .......... .......... .......... .......... .......... 88% 96.8M 0s
 14200K .......... .......... .......... .......... .......... 88%  106M 0s
 14250K .......... .......... .......... .......... .......... 89% 96.7M 0s
 14300K .......... .......... .......... .......... .......... 89% 96.7M 0s
 14350K .......... .......... .......... .......... .......... 89% 90.5M 0s
 14400K .......... .......... .......... .......... .......... 90% 99.3M 0s
 14450K .......... .......... .......... .......... .......... 90%  109M 0s
 14500K .......... .......... .......... .......... .......... 90%  111M 0s
 14550K .......... .......... .......... .......... .......... 91% 98.0M 0s
 14600K .......... .......... .......... .......... .......... 91%  110M 0s
 14650K .......... .......... .......... .......... .......... 91%  110M 0s
 14700K .......... .......... .......... .......... .......... 91%  108M 0s
 14750K .......... .......... .......... .......... .......... 92% 90.8M 0s
 14800K .......... .......... .......... .......... .......... 92%  108M 0s
 14850K .......... .......... .......... .......... .......... 92%  110M 0s
 14900K .......... .......... .......... .......... .......... 93%  108M 0s
 14950K .......... .......... .......... .......... .......... 93% 96.5M 0s
 15000K .......... .......... .......... .......... .......... 93%  109M 0s
 15050K .......... .......... .......... .......... .......... 94%  110M 0s
 15100K .......... .......... .......... .......... .......... 94%  111M 0s
 15150K .......... .......... .......... .......... .......... 94% 94.4M 0s
 15200K .......... .......... .......... .......... .......... 95%  112M 0s
 15250K .......... .......... .......... .......... .......... 95%  110M 0s
 15300K .......... .......... .......... .......... .......... 95%  111M 0s
 15350K .......... .......... .......... .......... .......... 96% 99.6M 0s
 15400K .......... .......... .......... .......... .......... 96%  111M 0s
 15450K .......... .......... .......... .......... .......... 96%  112M 0s
 15500K .......... .......... .......... .......... .......... 96%  113M 0s
 15550K .......... .......... .......... .......... .......... 97% 94.0M 0s
 15600K .......... .......... .......... .......... .......... 97%  112M 0s
 15650K .......... .......... .......... .......... .......... 97%  110M 0s
 15700K .......... .......... .......... .......... .......... 98%  106M 0s
 15750K .......... .......... .......... .......... .......... 98% 98.6M 0s
 15800K .......... .......... .......... .......... .......... 98%  111M 0s
 15850K .......... .......... .......... .......... .......... 99%  111M 0s
 15900K .......... .......... .......... .......... .......... 99%  111M 0s
 15950K .......... .......... .......... .......... .......... 99% 94.5M 0s
 16000K .......... .......... .......... .....                100%  123M=0.7s

2024-08-20 12:54:14 (20.9 MB/s) - ‘petsc-3.17.4.tar.gz’ saved [16420820/16420820]

+++++++++++++++++++++++++++++++++++++++++++++++++++++++++++++++++++++++++++++++++++++++++++
The version of PETSc you are using is out-of-date, we recommend updating to the new release
 Available Version: 3.21.4   Installed Version: 3.17.4
https://petsc.org/release/download/
+++++++++++++++++++++++++++++++++++++++++++++++++++++++++++++++++++++++++++++++++++++++++++
=============================================================================================
                         Configuring PETSc to compile on your system                         
=============================================================================================
TESTING: configureExternalPackagesDir from config.framework(/ssd_scratch/petsc-bout/petsc-3.17.4/config/BuildSystem/config/framework.py:1047)
TESTING: configureDebuggers from config.utilities.debuggers(/ssd_scratch/petsc-bout/petsc-3.17.4/config/BuildSystem/config/utilities/debuggers.py:21)
TESTING: configureDirectories from PETSc.options.petscdir(/ssd_scratch/petsc-bout/petsc-3.17.4/config/PETSc/options/petscdir.py:22)
TESTING: getDatafilespath from PETSc.options.dataFilesPath(/ssd_scratch/petsc-bout/petsc-3.17.4/config/PETSc/options/dataFilesPath.py:29)
TESTING: configureGit from config.sourceControl(/ssd_scratch/petsc-bout/petsc-3.17.4/config/BuildSystem/config/sourceControl.py:24)
TESTING: configureMercurial from config.sourceControl(/ssd_scratch/petsc-bout/petsc-3.17.4/config/BuildSystem/config/sourceControl.py:35)
TESTING: configureInstallationMethod from PETSc.options.petscclone(/ssd_scratch/petsc-bout/petsc-3.17.4/config/PETSc/options/petscclone.py:20)
TESTING: setNativeArchitecture from PETSc.options.arch(/ssd_scratch/petsc-bout/petsc-3.17.4/config/PETSc/options/arch.py:31)
TESTING: configureArchitecture from PETSc.options.arch(/ssd_scratch/petsc-bout/petsc-3.17.4/config/PETSc/options/arch.py:43)
TESTING: setInstallDir from PETSc.options.installDir(/ssd_scratch/petsc-bout/petsc-3.17.4/config/PETSc/options/installDir.py:32)
TESTING: saveReconfigure from PETSc.options.installDir(/ssd_scratch/petsc-bout/petsc-3.17.4/config/PETSc/options/installDir.py:76)
TESTING: cleanConfDir from PETSc.options.installDir(/ssd_scratch/petsc-bout/petsc-3.17.4/config/PETSc/options/installDir.py:69)
TESTING: configureInstallDir from PETSc.options.installDir(/ssd_scratch/petsc-bout/petsc-3.17.4/config/PETSc/options/installDir.py:53)
TESTING: restoreReconfigure from PETSc.options.installDir(/ssd_scratch/petsc-bout/petsc-3.17.4/config/PETSc/options/installDir.py:89)
TESTING: setExternalPackagesDir from PETSc.options.externalpackagesdir(/ssd_scratch/petsc-bout/petsc-3.17.4/config/PETSc/options/externalpackagesdir.py:15)
TESTING: cleanExternalpackagesDir from PETSc.options.externalpackagesdir(/ssd_scratch/petsc-bout/petsc-3.17.4/config/PETSc/options/externalpackagesdir.py:22)
TESTING: configureCLanguage from PETSc.options.languages(/ssd_scratch/petsc-bout/petsc-3.17.4/config/PETSc/options/languages.py:27)
TESTING: resetEnvCompilers from config.setCompilers(/ssd_scratch/petsc-bout/petsc-3.17.4/config/BuildSystem/config/setCompilers.py:2590)
TESTING: checkEnvCompilers from config.setCompilers(/ssd_scratch/petsc-bout/petsc-3.17.4/config/BuildSystem/config/setCompilers.py:2606)
TESTING: checkMPICompilerOverride from config.setCompilers(/ssd_scratch/petsc-bout/petsc-3.17.4/config/BuildSystem/config/setCompilers.py:2560)
TESTING: requireMpiLdPath from config.setCompilers(/ssd_scratch/petsc-bout/petsc-3.17.4/config/BuildSystem/config/setCompilers.py:2581)
TESTING: checkInitialFlags from config.setCompilers(/ssd_scratch/petsc-bout/petsc-3.17.4/config/BuildSystem/config/setCompilers.py:663)
TESTING: checkCCompiler from config.setCompilers(/ssd_scratch/petsc-bout/petsc-3.17.4/config/BuildSystem/config/setCompilers.py:1276)
TESTING: checkCPreprocessor from config.setCompilers(/ssd_scratch/petsc-bout/petsc-3.17.4/config/BuildSystem/config/setCompilers.py:1319)
TESTING: checkCxxCompiler from config.setCompilers(/ssd_scratch/petsc-bout/petsc-3.17.4/config/BuildSystem/config/setCompilers.py:1625)
TESTING: checkDeviceHostCompiler from config.setCompilers(/ssd_scratch/petsc-bout/petsc-3.17.4/config/BuildSystem/config/setCompilers.py:687)
TESTING: checkCxxDialect from config.setCompilers(/ssd_scratch/petsc-bout/petsc-3.17.4/config/BuildSystem/config/setCompilers.py:709)
TESTING: checkCxxPreprocessor from config.setCompilers(/ssd_scratch/petsc-bout/petsc-3.17.4/config/BuildSystem/config/setCompilers.py:1662)
TESTING: checkCUDACompiler from config.setCompilers(/ssd_scratch/petsc-bout/petsc-3.17.4/config/BuildSystem/config/setCompilers.py:1355)
TESTING: checkDeviceHostCompiler from config.setCompilers(/ssd_scratch/petsc-bout/petsc-3.17.4/config/BuildSystem/config/setCompilers.py:687)
TESTING: checkHIPCompiler from config.setCompilers(/ssd_scratch/petsc-bout/petsc-3.17.4/config/BuildSystem/config/setCompilers.py:1425)
TESTING: checkDeviceHostCompiler from config.setCompilers(/ssd_scratch/petsc-bout/petsc-3.17.4/config/BuildSystem/config/setCompilers.py:687)
TESTING: checkSYCLCompiler from config.setCompilers(/ssd_scratch/petsc-bout/petsc-3.17.4/config/BuildSystem/config/setCompilers.py:1495)
TESTING: checkDeviceHostCompiler from config.setCompilers(/ssd_scratch/petsc-bout/petsc-3.17.4/config/BuildSystem/config/setCompilers.py:687)
TESTING: checkFortranCompiler from config.setCompilers(/ssd_scratch/petsc-bout/petsc-3.17.4/config/BuildSystem/config/setCompilers.py:1764)
TESTING: checkFortranPreprocessor from config.setCompilers(/ssd_scratch/petsc-bout/petsc-3.17.4/config/BuildSystem/config/setCompilers.py:1801)
TESTING: checkFortranComments from config.setCompilers(/ssd_scratch/petsc-bout/petsc-3.17.4/config/BuildSystem/config/setCompilers.py:1820)
TESTING: checkLargeFileIO from config.setCompilers(/ssd_scratch/petsc-bout/petsc-3.17.4/config/BuildSystem/config/setCompilers.py:1991)
TESTING: checkArchiver from config.setCompilers(/ssd_scratch/petsc-bout/petsc-3.17.4/config/BuildSystem/config/setCompilers.py:2090)
TESTING: checkArchiverRecipeArgfile from config.setCompilers(/ssd_scratch/petsc-bout/petsc-3.17.4/config/BuildSystem/config/setCompilers.py:2159)
TESTING: checkSharedLinker from config.setCompilers(/ssd_scratch/petsc-bout/petsc-3.17.4/config/BuildSystem/config/setCompilers.py:2241)
TESTING: checkPIC from config.setCompilers(/ssd_scratch/petsc-bout/petsc-3.17.4/config/BuildSystem/config/setCompilers.py:1941)
TESTING: checkSharedLinkerPaths from config.setCompilers(/ssd_scratch/petsc-bout/petsc-3.17.4/config/BuildSystem/config/setCompilers.py:2355)
TESTING: checkLibC from config.setCompilers(/ssd_scratch/petsc-bout/petsc-3.17.4/config/BuildSystem/config/setCompilers.py:2394)
TESTING: checkDynamicLinker from config.setCompilers(/ssd_scratch/petsc-bout/petsc-3.17.4/config/BuildSystem/config/setCompilers.py:2440)
TESTING: checkPragma from config.setCompilers(/ssd_scratch/petsc-bout/petsc-3.17.4/config/BuildSystem/config/setCompilers.py:1900)
TESTING: output from config.setCompilers(/ssd_scratch/petsc-bout/petsc-3.17.4/config/BuildSystem/config/setCompilers.py:2489)
TESTING: configureIndexSize from PETSc.options.indexTypes(/ssd_scratch/petsc-bout/petsc-3.17.4/config/PETSc/options/indexTypes.py:39)
TESTING: configureCompilerFlags from config.compilerFlags(/ssd_scratch/petsc-bout/petsc-3.17.4/config/BuildSystem/config/compilerFlags.py:82)
TESTING: checkIntelHardwareSupport from config.compilerFlags(/ssd_scratch/petsc-bout/petsc-3.17.4/config/BuildSystem/config/compilerFlags.py:173)
TESTING: checkCompilerMacros from config.compilerFlags(/ssd_scratch/petsc-bout/petsc-3.17.4/config/BuildSystem/config/compilerFlags.py:164)
TESTING: checkC99Flag from config.compilers(/ssd_scratch/petsc-bout/petsc-3.17.4/config/BuildSystem/config/compilers.py:1384)
TESTING: checkCFormatting from config.compilers(/ssd_scratch/petsc-bout/petsc-3.17.4/config/BuildSystem/config/compilers.py:359)
TESTING: checkDynamicLoadFlag from config.compilers(/ssd_scratch/petsc-bout/petsc-3.17.4/config/BuildSystem/config/compilers.py:370)
TESTING: checkCLibraries from config.compilers(/ssd_scratch/petsc-bout/petsc-3.17.4/config/BuildSystem/config/compilers.py:162)
TESTING: checkDependencyGenerationFlag from config.compilers(/ssd_scratch/petsc-bout/petsc-3.17.4/config/BuildSystem/config/compilers.py:1335)
TESTING: checkCxxRestrict from config.compilers(/ssd_scratch/petsc-bout/petsc-3.17.4/config/BuildSystem/config/compilers.py:121)
TESTING: checkCxxOptionalExtensions from config.compilers(/ssd_scratch/petsc-bout/petsc-3.17.4/config/BuildSystem/config/compilers.py:389)
TESTING: checkCxxComplexFix from config.compilers(/ssd_scratch/petsc-bout/petsc-3.17.4/config/BuildSystem/config/compilers.py:416)
TESTING: checkCxxLibraries from config.compilers(/ssd_scratch/petsc-bout/petsc-3.17.4/config/BuildSystem/config/compilers.py:445)
TESTING: checkFortranNameMangling from config.compilers(/ssd_scratch/petsc-bout/petsc-3.17.4/config/BuildSystem/config/compilers.py:787)
TESTING: checkFortranNameManglingDouble from config.compilers(/ssd_scratch/petsc-bout/petsc-3.17.4/config/BuildSystem/config/compilers.py:825)
TESTING: checkFortranLibraries from config.compilers(/ssd_scratch/petsc-bout/petsc-3.17.4/config/BuildSystem/config/compilers.py:835)
TESTING: checkFortranLinkingCxx from config.compilers(/ssd_scratch/petsc-bout/petsc-3.17.4/config/BuildSystem/config/compilers.py:1300)
TESTING: setupFrameworkCompilers from config.compilers(/ssd_scratch/petsc-bout/petsc-3.17.4/config/BuildSystem/config/compilers.py:1452)
TESTING: configureClosure from config.utilities.closure(/ssd_scratch/petsc-bout/petsc-3.17.4/config/BuildSystem/config/utilities/closure.py:17)
TESTING: checkFortranTypeSizes from config.compilersFortran(/ssd_scratch/petsc-bout/petsc-3.17.4/config/BuildSystem/config/compilersFortran.py:56)
TESTING: checkFortranPreprocessor from config.compilersFortran(/ssd_scratch/petsc-bout/petsc-3.17.4/config/BuildSystem/config/compilersFortran.py:73)
TESTING: checkFortranDefineCompilerOption from config.compilersFortran(/ssd_scratch/petsc-bout/petsc-3.17.4/config/BuildSystem/config/compilersFortran.py:96)
TESTING: checkFortran90 from config.compilersFortran(/ssd_scratch/petsc-bout/petsc-3.17.4/config/BuildSystem/config/compilersFortran.py:146)
TESTING: checkFortran90FreeForm from config.compilersFortran(/ssd_scratch/petsc-bout/petsc-3.17.4/config/BuildSystem/config/compilersFortran.py:162)
TESTING: checkFortran2003 from config.compilersFortran(/ssd_scratch/petsc-bout/petsc-3.17.4/config/BuildSystem/config/compilersFortran.py:176)
TESTING: checkFortran90Array from config.compilersFortran(/ssd_scratch/petsc-bout/petsc-3.17.4/config/BuildSystem/config/compilersFortran.py:211)
TESTING: checkFortran90AssumedType from config.compilersFortran(/ssd_scratch/petsc-bout/petsc-3.17.4/config/BuildSystem/config/compilersFortran.py:298)
TESTING: checkFortranModuleInclude from config.compilersFortran(/ssd_scratch/petsc-bout/petsc-3.17.4/config/BuildSystem/config/compilersFortran.py:303)
TESTING: checkFortranModuleOutput from config.compilersFortran(/ssd_scratch/petsc-bout/petsc-3.17.4/config/BuildSystem/config/compilersFortran.py:369)
TESTING: checkFortranTypeStar from config.compilersFortran(/ssd_scratch/petsc-bout/petsc-3.17.4/config/BuildSystem/config/compilersFortran.py:135)
TESTING: checkFortranTypeInitialize from config.compilersFortran(/ssd_scratch/petsc-bout/petsc-3.17.4/config/BuildSystem/config/compilersFortran.py:125)
TESTING: configureFortranFlush from config.compilersFortran(/ssd_scratch/petsc-bout/petsc-3.17.4/config/BuildSystem/config/compilersFortran.py:116)
TESTING: checkDependencyGenerationFlag from config.compilersFortran(/ssd_scratch/petsc-bout/petsc-3.17.4/config/BuildSystem/config/compilersFortran.py:414)
TESTING: checkStdC from config.headers(/ssd_scratch/petsc-bout/petsc-3.17.4/config/BuildSystem/config/headers.py:107)
TESTING: checkStat from config.headers(/ssd_scratch/petsc-bout/petsc-3.17.4/config/BuildSystem/config/headers.py:140)
TESTING: checkSysWait from config.headers(/ssd_scratch/petsc-bout/petsc-3.17.4/config/BuildSystem/config/headers.py:175)
TESTING: checkTime from config.headers(/ssd_scratch/petsc-bout/petsc-3.17.4/config/BuildSystem/config/headers.py:197)
TESTING: checkMath from config.headers(/ssd_scratch/petsc-bout/petsc-3.17.4/config/BuildSystem/config/headers.py:203)
TESTING: check from config.headers(/ssd_scratch/petsc-bout/petsc-3.17.4/config/BuildSystem/config/headers.py:77)
TESTING: check from config.headers(/ssd_scratch/petsc-bout/petsc-3.17.4/config/BuildSystem/config/headers.py:77)
TESTING: check from config.headers(/ssd_scratch/petsc-bout/petsc-3.17.4/config/BuildSystem/config/headers.py:77)
TESTING: check from config.headers(/ssd_scratch/petsc-bout/petsc-3.17.4/config/BuildSystem/config/headers.py:77)
TESTING: check from config.headers(/ssd_scratch/petsc-bout/petsc-3.17.4/config/BuildSystem/config/headers.py:77)
TESTING: check from config.headers(/ssd_scratch/petsc-bout/petsc-3.17.4/config/BuildSystem/config/headers.py:77)
TESTING: check from config.headers(/ssd_scratch/petsc-bout/petsc-3.17.4/config/BuildSystem/config/headers.py:77)
TESTING: check from config.headers(/ssd_scratch/petsc-bout/petsc-3.17.4/config/BuildSystem/config/headers.py:77)
TESTING: check from config.headers(/ssd_scratch/petsc-bout/petsc-3.17.4/config/BuildSystem/config/headers.py:77)
TESTING: check from config.headers(/ssd_scratch/petsc-bout/petsc-3.17.4/config/BuildSystem/config/headers.py:77)
TESTING: check from config.headers(/ssd_scratch/petsc-bout/petsc-3.17.4/config/BuildSystem/config/headers.py:77)
TESTING: check from config.headers(/ssd_scratch/petsc-bout/petsc-3.17.4/config/BuildSystem/config/headers.py:77)
TESTING: check from config.headers(/ssd_scratch/petsc-bout/petsc-3.17.4/config/BuildSystem/config/headers.py:77)
TESTING: check from config.headers(/ssd_scratch/petsc-bout/petsc-3.17.4/config/BuildSystem/config/headers.py:77)
TESTING: check from config.headers(/ssd_scratch/petsc-bout/petsc-3.17.4/config/BuildSystem/config/headers.py:77)
TESTING: check from config.headers(/ssd_scratch/petsc-bout/petsc-3.17.4/config/BuildSystem/config/headers.py:77)
TESTING: check from config.headers(/ssd_scratch/petsc-bout/petsc-3.17.4/config/BuildSystem/config/headers.py:77)
TESTING: check from config.headers(/ssd_scratch/petsc-bout/petsc-3.17.4/config/BuildSystem/config/headers.py:77)
TESTING: check from config.headers(/ssd_scratch/petsc-bout/petsc-3.17.4/config/BuildSystem/config/headers.py:77)
TESTING: check from config.headers(/ssd_scratch/petsc-bout/petsc-3.17.4/config/BuildSystem/config/headers.py:77)
TESTING: check from config.headers(/ssd_scratch/petsc-bout/petsc-3.17.4/config/BuildSystem/config/headers.py:77)
TESTING: check from config.headers(/ssd_scratch/petsc-bout/petsc-3.17.4/config/BuildSystem/config/headers.py:77)
TESTING: check from config.headers(/ssd_scratch/petsc-bout/petsc-3.17.4/config/BuildSystem/config/headers.py:77)
TESTING: check from config.headers(/ssd_scratch/petsc-bout/petsc-3.17.4/config/BuildSystem/config/headers.py:77)
TESTING: check from config.headers(/ssd_scratch/petsc-bout/petsc-3.17.4/config/BuildSystem/config/headers.py:77)
TESTING: check from config.headers(/ssd_scratch/petsc-bout/petsc-3.17.4/config/BuildSystem/config/headers.py:77)
TESTING: check from config.headers(/ssd_scratch/petsc-bout/petsc-3.17.4/config/BuildSystem/config/headers.py:77)
TESTING: check from config.headers(/ssd_scratch/petsc-bout/petsc-3.17.4/config/BuildSystem/config/headers.py:77)
TESTING: check from config.headers(/ssd_scratch/petsc-bout/petsc-3.17.4/config/BuildSystem/config/headers.py:77)
TESTING: check from config.headers(/ssd_scratch/petsc-bout/petsc-3.17.4/config/BuildSystem/config/headers.py:77)
TESTING: check from config.headers(/ssd_scratch/petsc-bout/petsc-3.17.4/config/BuildSystem/config/headers.py:77)
TESTING: check from config.headers(/ssd_scratch/petsc-bout/petsc-3.17.4/config/BuildSystem/config/headers.py:77)
TESTING: check from config.headers(/ssd_scratch/petsc-bout/petsc-3.17.4/config/BuildSystem/config/headers.py:77)
TESTING: check from config.headers(/ssd_scratch/petsc-bout/petsc-3.17.4/config/BuildSystem/config/headers.py:77)
TESTING: check from config.headers(/ssd_scratch/petsc-bout/petsc-3.17.4/config/BuildSystem/config/headers.py:77)
TESTING: check from config.headers(/ssd_scratch/petsc-bout/petsc-3.17.4/config/BuildSystem/config/headers.py:77)
TESTING: check from config.headers(/ssd_scratch/petsc-bout/petsc-3.17.4/config/BuildSystem/config/headers.py:77)
TESTING: check from config.headers(/ssd_scratch/petsc-bout/petsc-3.17.4/config/BuildSystem/config/headers.py:77)
TESTING: check from config.headers(/ssd_scratch/petsc-bout/petsc-3.17.4/config/BuildSystem/config/headers.py:77)
TESTING: check from config.headers(/ssd_scratch/petsc-bout/petsc-3.17.4/config/BuildSystem/config/headers.py:77)
TESTING: check from config.headers(/ssd_scratch/petsc-bout/petsc-3.17.4/config/BuildSystem/config/headers.py:77)
TESTING: check from config.headers(/ssd_scratch/petsc-bout/petsc-3.17.4/config/BuildSystem/config/headers.py:77)
TESTING: check from config.headers(/ssd_scratch/petsc-bout/petsc-3.17.4/config/BuildSystem/config/headers.py:77)
TESTING: check from config.headers(/ssd_scratch/petsc-bout/petsc-3.17.4/config/BuildSystem/config/headers.py:77)
TESTING: check from config.headers(/ssd_scratch/petsc-bout/petsc-3.17.4/config/BuildSystem/config/headers.py:77)
TESTING: check from config.headers(/ssd_scratch/petsc-bout/petsc-3.17.4/config/BuildSystem/config/headers.py:77)
TESTING: check from config.headers(/ssd_scratch/petsc-bout/petsc-3.17.4/config/BuildSystem/config/headers.py:77)
TESTING: check from config.headers(/ssd_scratch/petsc-bout/petsc-3.17.4/config/BuildSystem/config/headers.py:77)
TESTING: check from config.headers(/ssd_scratch/petsc-bout/petsc-3.17.4/config/BuildSystem/config/headers.py:77)
TESTING: check from config.headers(/ssd_scratch/petsc-bout/petsc-3.17.4/config/BuildSystem/config/headers.py:77)
TESTING: check from config.headers(/ssd_scratch/petsc-bout/petsc-3.17.4/config/BuildSystem/config/headers.py:77)
TESTING: check from config.headers(/ssd_scratch/petsc-bout/petsc-3.17.4/config/BuildSystem/config/headers.py:77)
TESTING: check from config.headers(/ssd_scratch/petsc-bout/petsc-3.17.4/config/BuildSystem/config/headers.py:77)
TESTING: check from config.headers(/ssd_scratch/petsc-bout/petsc-3.17.4/config/BuildSystem/config/headers.py:77)
TESTING: check from config.headers(/ssd_scratch/petsc-bout/petsc-3.17.4/config/BuildSystem/config/headers.py:77)
TESTING: check from config.headers(/ssd_scratch/petsc-bout/petsc-3.17.4/config/BuildSystem/config/headers.py:77)
TESTING: check from config.headers(/ssd_scratch/petsc-bout/petsc-3.17.4/config/BuildSystem/config/headers.py:77)
TESTING: check from config.headers(/ssd_scratch/petsc-bout/petsc-3.17.4/config/BuildSystem/config/headers.py:77)
TESTING: check from config.headers(/ssd_scratch/petsc-bout/petsc-3.17.4/config/BuildSystem/config/headers.py:77)
TESTING: check from config.headers(/ssd_scratch/petsc-bout/petsc-3.17.4/config/BuildSystem/config/headers.py:77)
TESTING: check from config.headers(/ssd_scratch/petsc-bout/petsc-3.17.4/config/BuildSystem/config/headers.py:77)
TESTING: check from config.headers(/ssd_scratch/petsc-bout/petsc-3.17.4/config/BuildSystem/config/headers.py:77)
TESTING: check from config.headers(/ssd_scratch/petsc-bout/petsc-3.17.4/config/BuildSystem/config/headers.py:77)
TESTING: check from config.headers(/ssd_scratch/petsc-bout/petsc-3.17.4/config/BuildSystem/config/headers.py:77)
TESTING: check from config.headers(/ssd_scratch/petsc-bout/petsc-3.17.4/config/BuildSystem/config/headers.py:77)
TESTING: check from config.headers(/ssd_scratch/petsc-bout/petsc-3.17.4/config/BuildSystem/config/headers.py:77)
TESTING: checkRecursiveMacros from config.headers(/ssd_scratch/petsc-bout/petsc-3.17.4/config/BuildSystem/config/headers.py:218)
TESTING: configureCacheDetails from config.utilities.cacheDetails(/ssd_scratch/petsc-bout/petsc-3.17.4/config/BuildSystem/config/utilities/cacheDetails.py:78)
TESTING: check_struct_sigaction from config.types(/ssd_scratch/petsc-bout/petsc-3.17.4/config/BuildSystem/config/types.py:42)
TESTING: check__int64 from config.types(/ssd_scratch/petsc-bout/petsc-3.17.4/config/BuildSystem/config/types.py:48)
TESTING: checkSizeTypes from config.types(/ssd_scratch/petsc-bout/petsc-3.17.4/config/BuildSystem/config/types.py:54)
TESTING: checkFileTypes from config.types(/ssd_scratch/petsc-bout/petsc-3.17.4/config/BuildSystem/config/types.py:64)
TESTING: checkIntegerTypes from config.types(/ssd_scratch/petsc-bout/petsc-3.17.4/config/BuildSystem/config/types.py:59)
TESTING: checkPID from config.types(/ssd_scratch/petsc-bout/petsc-3.17.4/config/BuildSystem/config/types.py:70)
TESTING: checkUID from config.types(/ssd_scratch/petsc-bout/petsc-3.17.4/config/BuildSystem/config/types.py:74)
TESTING: checkC99Complex from config.types(/ssd_scratch/petsc-bout/petsc-3.17.4/config/BuildSystem/config/types.py:81)
TESTING: checkCxxComplex from config.types(/ssd_scratch/petsc-bout/petsc-3.17.4/config/BuildSystem/config/types.py:95)
TESTING: checkConst from config.types(/ssd_scratch/petsc-bout/petsc-3.17.4/config/BuildSystem/config/types.py:106)
TESTING: checkSizeof from config.types(/ssd_scratch/petsc-bout/petsc-3.17.4/config/BuildSystem/config/types.py:162)
TESTING: checkSizeof from config.types(/ssd_scratch/petsc-bout/petsc-3.17.4/config/BuildSystem/config/types.py:162)
TESTING: checkSizeof from config.types(/ssd_scratch/petsc-bout/petsc-3.17.4/config/BuildSystem/config/types.py:162)
TESTING: checkSizeof from config.types(/ssd_scratch/petsc-bout/petsc-3.17.4/config/BuildSystem/config/types.py:162)
TESTING: checkSizeof from config.types(/ssd_scratch/petsc-bout/petsc-3.17.4/config/BuildSystem/config/types.py:162)
TESTING: checkSizeof from config.types(/ssd_scratch/petsc-bout/petsc-3.17.4/config/BuildSystem/config/types.py:162)
TESTING: checkSizeof from config.types(/ssd_scratch/petsc-bout/petsc-3.17.4/config/BuildSystem/config/types.py:162)
TESTING: checkVisibility from config.types(/ssd_scratch/petsc-bout/petsc-3.17.4/config/BuildSystem/config/types.py:196)
TESTING: checkMaxPathLen from config.types(/ssd_scratch/petsc-bout/petsc-3.17.4/config/BuildSystem/config/types.py:218)
TESTING: configureMemAlign from PETSc.options.memAlign(/ssd_scratch/petsc-bout/petsc-3.17.4/config/PETSc/options/memAlign.py:29)
TESTING: check from config.libraries(/ssd_scratch/petsc-bout/petsc-3.17.4/config/BuildSystem/config/libraries.py:167)
TESTING: check from config.libraries(/ssd_scratch/petsc-bout/petsc-3.17.4/config/BuildSystem/config/libraries.py:167)
TESTING: check from config.libraries(/ssd_scratch/petsc-bout/petsc-3.17.4/config/BuildSystem/config/libraries.py:167)
TESTING: check from config.libraries(/ssd_scratch/petsc-bout/petsc-3.17.4/config/BuildSystem/config/libraries.py:167)
TESTING: checkMath from config.libraries(/ssd_scratch/petsc-bout/petsc-3.17.4/config/BuildSystem/config/libraries.py:296)
TESTING: checkMathErf from config.libraries(/ssd_scratch/petsc-bout/petsc-3.17.4/config/BuildSystem/config/libraries.py:315)
TESTING: checkMathTgamma from config.libraries(/ssd_scratch/petsc-bout/petsc-3.17.4/config/BuildSystem/config/libraries.py:324)
TESTING: checkMathLgamma from config.libraries(/ssd_scratch/petsc-bout/petsc-3.17.4/config/BuildSystem/config/libraries.py:333)
TESTING: checkMathFenv from config.libraries(/ssd_scratch/petsc-bout/petsc-3.17.4/config/BuildSystem/config/libraries.py:346)
TESTING: checkMathLog2 from config.libraries(/ssd_scratch/petsc-bout/petsc-3.17.4/config/BuildSystem/config/libraries.py:354)
TESTING: checkRealtime from config.libraries(/ssd_scratch/petsc-bout/petsc-3.17.4/config/BuildSystem/config/libraries.py:363)
TESTING: checkDynamic from config.libraries(/ssd_scratch/petsc-bout/petsc-3.17.4/config/BuildSystem/config/libraries.py:379)
TESTING: configureLibraryOptions from PETSc.options.libraryOptions(/ssd_scratch/petsc-bout/petsc-3.17.4/config/PETSc/options/libraryOptions.py:38)
TESTING: configureISColorValueType from PETSc.options.libraryOptions(/ssd_scratch/petsc-bout/petsc-3.17.4/config/PETSc/options/libraryOptions.py:99)
TESTING: checkSysinfo from config.functions(/ssd_scratch/petsc-bout/petsc-3.17.4/config/BuildSystem/config/functions.py:106)
TESTING: checkVPrintf from config.functions(/ssd_scratch/petsc-bout/petsc-3.17.4/config/BuildSystem/config/functions.py:125)
TESTING: checkVFPrintf from config.functions(/ssd_scratch/petsc-bout/petsc-3.17.4/config/BuildSystem/config/functions.py:131)
TESTING: checkVSNPrintf from config.functions(/ssd_scratch/petsc-bout/petsc-3.17.4/config/BuildSystem/config/functions.py:137)
TESTING: checkNanosleep from config.functions(/ssd_scratch/petsc-bout/petsc-3.17.4/config/BuildSystem/config/functions.py:167)
TESTING: checkMemmove from config.functions(/ssd_scratch/petsc-bout/petsc-3.17.4/config/BuildSystem/config/functions.py:173)
TESTING: checkSignalHandlerType from config.functions(/ssd_scratch/petsc-bout/petsc-3.17.4/config/BuildSystem/config/functions.py:143)
TESTING: checkFreeReturnType from config.functions(/ssd_scratch/petsc-bout/petsc-3.17.4/config/BuildSystem/config/functions.py:153)
TESTING: checkVariableArgumentLists from config.functions(/ssd_scratch/petsc-bout/petsc-3.17.4/config/BuildSystem/config/functions.py:159)
TESTING: checkClassify from config.functions(/ssd_scratch/petsc-bout/petsc-3.17.4/config/BuildSystem/config/functions.py:85)
TESTING: checkMmap from config.functions(/ssd_scratch/petsc-bout/petsc-3.17.4/config/BuildSystem/config/functions.py:179)
TESTING: configureMemorySize from config.utilities.getResidentSetSize(/ssd_scratch/petsc-bout/petsc-3.17.4/config/BuildSystem/config/utilities/getResidentSetSize.py:31)
TESTING: configureFortranCommandLine from config.utilities.fortranCommandLine(/ssd_scratch/petsc-bout/petsc-3.17.4/config/BuildSystem/config/utilities/fortranCommandLine.py:27)
TESTING: configureFPTrap from config.utilities.FPTrap(/ssd_scratch/petsc-bout/petsc-3.17.4/config/BuildSystem/config/utilities/FPTrap.py:27)
TESTING: configureFeatureTestMacros from config.utilities.featureTestMacros(/ssd_scratch/petsc-bout/petsc-3.17.4/config/BuildSystem/config/utilities/featureTestMacros.py:13)
TESTING: configureMissingUtypeTypedefs from config.utilities.missing(/ssd_scratch/petsc-bout/petsc-3.17.4/config/BuildSystem/config/utilities/missing.py:55)
TESTING: configureMissingFunctions from config.utilities.missing(/ssd_scratch/petsc-bout/petsc-3.17.4/config/BuildSystem/config/utilities/missing.py:61)
TESTING: configureMissingSignals from config.utilities.missing(/ssd_scratch/petsc-bout/petsc-3.17.4/config/BuildSystem/config/utilities/missing.py:81)
TESTING: configureMissingGetdomainnamePrototype from config.utilities.missing(/ssd_scratch/petsc-bout/petsc-3.17.4/config/BuildSystem/config/utilities/missing.py:98)
TESTING: configureMissingSrandPrototype from config.utilities.missing(/ssd_scratch/petsc-bout/petsc-3.17.4/config/BuildSystem/config/utilities/missing.py:123)
TESTING: checkSharedDynamicPicOptions from PETSc.options.sharedLibraries(/ssd_scratch/petsc-bout/petsc-3.17.4/config/PETSc/options/sharedLibraries.py:34)
TESTING: configureSharedLibraries from PETSc.options.sharedLibraries(/ssd_scratch/petsc-bout/petsc-3.17.4/config/PETSc/options/sharedLibraries.py:49)
TESTING: configureDynamicLibraries from PETSc.options.sharedLibraries(/ssd_scratch/petsc-bout/petsc-3.17.4/config/PETSc/options/sharedLibraries.py:93)
TESTING: configureSerializedFunctions from PETSc.options.sharedLibraries(/ssd_scratch/petsc-bout/petsc-3.17.4/config/PETSc/options/sharedLibraries.py:99)
TESTING: checkSymbolResolution from PETSc.options.sharedLibraries(/ssd_scratch/petsc-bout/petsc-3.17.4/config/PETSc/options/sharedLibraries.py:108)
TESTING: configureScalarType from PETSc.options.scalarTypes(/ssd_scratch/petsc-bout/petsc-3.17.4/config/PETSc/options/scalarTypes.py:39)
TESTING: configurePrecision from PETSc.options.scalarTypes(/ssd_scratch/petsc-bout/petsc-3.17.4/config/PETSc/options/scalarTypes.py:80)
TESTING: configureMkdir from config.programs(/ssd_scratch/petsc-bout/petsc-3.17.4/config/BuildSystem/config/programs.py:22)
TESTING: configureAutoreconf from config.programs(/ssd_scratch/petsc-bout/petsc-3.17.4/config/BuildSystem/config/programs.py:44)
TESTING: configurePrograms from config.programs(/ssd_scratch/petsc-bout/petsc-3.17.4/config/BuildSystem/config/programs.py:71)
TESTING: consistencyChecks from config.packages.make(/ssd_scratch/petsc-bout/petsc-3.17.4/config/BuildSystem/config/package.py:1012)
TESTING: alternateConfigureLibrary from config.packages.make(/ssd_scratch/petsc-bout/petsc-3.17.4/config/BuildSystem/config/package.py:1008)
TESTING: configureMake from config.packages.make(/ssd_scratch/petsc-bout/petsc-3.17.4/config/BuildSystem/config/packages/make.py:96)
TESTING: setupGNUMake from config.packages.make(/ssd_scratch/petsc-bout/petsc-3.17.4/config/BuildSystem/config/packages/make.py:150)
TESTING: configureMakeNP from config.packages.make(/ssd_scratch/petsc-bout/petsc-3.17.4/config/BuildSystem/config/packages/make.py:197)
TESTING: consistencyChecks from config.packages.sycl(/ssd_scratch/petsc-bout/petsc-3.17.4/config/BuildSystem/config/package.py:1012)
TESTING: alternateConfigureLibrary from config.packages.sycl(/ssd_scratch/petsc-bout/petsc-3.17.4/config/BuildSystem/config/package.py:1008)
TESTING: consistencyChecks from config.packages.hip(/ssd_scratch/petsc-bout/petsc-3.17.4/config/BuildSystem/config/package.py:1012)
TESTING: alternateConfigureLibrary from config.packages.hip(/ssd_scratch/petsc-bout/petsc-3.17.4/config/BuildSystem/config/package.py:1008)
TESTING: consistencyChecks from config.packages.X(/ssd_scratch/petsc-bout/petsc-3.17.4/config/BuildSystem/config/package.py:1012)
TESTING: checkDependencies from config.packages.X(/ssd_scratch/petsc-bout/petsc-3.17.4/config/BuildSystem/config/package.py:912)
TESTING: configureLibrary from config.packages.X(/ssd_scratch/petsc-bout/petsc-3.17.4/config/BuildSystem/config/package.py:937)
TESTING: check from config.libraries(/ssd_scratch/petsc-bout/petsc-3.17.4/config/BuildSystem/config/libraries.py:167)
TESTING: check from config.libraries(/ssd_scratch/petsc-bout/petsc-3.17.4/config/BuildSystem/config/libraries.py:167)
TESTING: checkInclude from config.headers(/ssd_scratch/petsc-bout/petsc-3.17.4/config/BuildSystem/config/headers.py:86)
TESTING: checkInclude from config.headers(/ssd_scratch/petsc-bout/petsc-3.17.4/config/BuildSystem/config/headers.py:86)
TESTING: checkVersion from config.packages.X(/ssd_scratch/petsc-bout/petsc-3.17.4/config/BuildSystem/config/package.py:1079)
TESTING: checkSharedLibrary from config.packages.X(/ssd_scratch/petsc-bout/petsc-3.17.4/config/BuildSystem/config/package.py:1004)
TESTING: consistencyChecks from config.packages.hwloc(/ssd_scratch/petsc-bout/petsc-3.17.4/config/BuildSystem/config/package.py:1012)
TESTING: alternateConfigureLibrary from config.packages.hwloc(/ssd_scratch/petsc-bout/petsc-3.17.4/config/BuildSystem/config/package.py:1008)
TESTING: consistencyChecks from config.packages.thrust(/ssd_scratch/petsc-bout/petsc-3.17.4/config/BuildSystem/config/package.py:1012)
TESTING: alternateConfigureLibrary from config.packages.thrust(/ssd_scratch/petsc-bout/petsc-3.17.4/config/BuildSystem/config/package.py:1008)
TESTING: consistencyChecks from config.packages.cuda(/ssd_scratch/petsc-bout/petsc-3.17.4/config/BuildSystem/config/package.py:1012)
TESTING: alternateConfigureLibrary from config.packages.cuda(/ssd_scratch/petsc-bout/petsc-3.17.4/config/BuildSystem/config/package.py:1008)
TESTING: consistencyChecks from config.packages.OpenMPI(/ssd_scratch/petsc-bout/petsc-3.17.4/config/BuildSystem/config/package.py:1012)
TESTING: alternateConfigureLibrary from config.packages.OpenMPI(/ssd_scratch/petsc-bout/petsc-3.17.4/config/BuildSystem/config/package.py:1008)
TESTING: consistencyChecks from config.packages.MPICH(/ssd_scratch/petsc-bout/petsc-3.17.4/config/BuildSystem/config/package.py:1012)
TESTING: alternateConfigureLibrary from config.packages.MPICH(/ssd_scratch/petsc-bout/petsc-3.17.4/config/BuildSystem/config/package.py:1008)
TESTING: consistencyChecks from config.packages.MPI(/ssd_scratch/petsc-bout/petsc-3.17.4/config/BuildSystem/config/package.py:1012)
TESTING: checkDependencies from config.packages.MPI(/ssd_scratch/petsc-bout/petsc-3.17.4/config/BuildSystem/config/package.py:912)
TESTING: configureLibrary from config.packages.MPI(/ssd_scratch/petsc-bout/petsc-3.17.4/config/BuildSystem/config/packages/MPI.py:851)
TESTING: check from config.libraries(/ssd_scratch/petsc-bout/petsc-3.17.4/config/BuildSystem/config/libraries.py:167)
TESTING: checkInclude from config.headers(/ssd_scratch/petsc-bout/petsc-3.17.4/config/BuildSystem/config/headers.py:86)
TESTING: checkInclude from config.headers(/ssd_scratch/petsc-bout/petsc-3.17.4/config/BuildSystem/config/headers.py:86)
TESTING: checkMPIDistro from config.packages.MPI(/ssd_scratch/petsc-bout/petsc-3.17.4/config/BuildSystem/config/packages/MPI.py:658)
TESTING: configureMPI2 from config.packages.MPI(/ssd_scratch/petsc-bout/petsc-3.17.4/config/BuildSystem/config/packages/MPI.py:381)
TESTING: configureMPI3 from config.packages.MPI(/ssd_scratch/petsc-bout/petsc-3.17.4/config/BuildSystem/config/packages/MPI.py:449)
TESTING: configureMPI4 from config.packages.MPI(/ssd_scratch/petsc-bout/petsc-3.17.4/config/BuildSystem/config/packages/MPI.py:514)
TESTING: configureMPIEXEC from config.packages.MPI(/ssd_scratch/petsc-bout/petsc-3.17.4/config/BuildSystem/config/packages/MPI.py:190)
TESTING: configureMPITypes from config.packages.MPI(/ssd_scratch/petsc-bout/petsc-3.17.4/config/BuildSystem/config/packages/MPI.py:542)
TESTING: SGIMPICheck from config.packages.MPI(/ssd_scratch/petsc-bout/petsc-3.17.4/config/BuildSystem/config/packages/MPI.py:586)
TESTING: CxxMPICheck from config.packages.MPI(/ssd_scratch/petsc-bout/petsc-3.17.4/config/BuildSystem/config/packages/MPI.py:596)
TESTING: FortranMPICheck from config.packages.MPI(/ssd_scratch/petsc-bout/petsc-3.17.4/config/BuildSystem/config/packages/MPI.py:612)
TESTING: configureIO from config.packages.MPI(/ssd_scratch/petsc-bout/petsc-3.17.4/config/BuildSystem/config/packages/MPI.py:634)
TESTING: findMPIIncludeAndLib from config.packages.MPI(/ssd_scratch/petsc-bout/petsc-3.17.4/config/BuildSystem/config/packages/MPI.py:747)
TESTING: PetscArchMPICheck from config.packages.MPI(/ssd_scratch/petsc-bout/petsc-3.17.4/config/BuildSystem/config/packages/MPI.py:826)
TESTING: checkVersion from config.packages.MPI(/ssd_scratch/petsc-bout/petsc-3.17.4/config/BuildSystem/config/package.py:1079)
TESTING: checkSharedLibrary from config.packages.MPI(/ssd_scratch/petsc-bout/petsc-3.17.4/config/BuildSystem/config/package.py:1004)
TESTING: consistencyChecks from config.packages.zstd(/ssd_scratch/petsc-bout/petsc-3.17.4/config/BuildSystem/config/package.py:1012)
TESTING: alternateConfigureLibrary from config.packages.zstd(/ssd_scratch/petsc-bout/petsc-3.17.4/config/BuildSystem/config/package.py:1008)
TESTING: consistencyChecks from config.packages.yaml(/ssd_scratch/petsc-bout/petsc-3.17.4/config/BuildSystem/config/package.py:1012)
TESTING: alternateConfigureLibrary from config.packages.yaml(/ssd_scratch/petsc-bout/petsc-3.17.4/config/BuildSystem/config/package.py:1008)
TESTING: consistencyChecks from config.packages.ssl(/ssd_scratch/petsc-bout/petsc-3.17.4/config/BuildSystem/config/packages/ssl.py:31)
TESTING: alternateConfigureLibrary from config.packages.ssl(/ssd_scratch/petsc-bout/petsc-3.17.4/config/BuildSystem/config/package.py:1008)
TESTING: consistencyChecks from config.packages.sprng(/ssd_scratch/petsc-bout/petsc-3.17.4/config/BuildSystem/config/package.py:1012)
TESTING: alternateConfigureLibrary from config.packages.sprng(/ssd_scratch/petsc-bout/petsc-3.17.4/config/BuildSystem/config/package.py:1008)
TESTING: consistencyChecks from config.packages.revolve(/ssd_scratch/petsc-bout/petsc-3.17.4/config/BuildSystem/config/package.py:1012)
TESTING: alternateConfigureLibrary from config.packages.revolve(/ssd_scratch/petsc-bout/petsc-3.17.4/config/BuildSystem/config/package.py:1008)
TESTING: consistencyChecks from config.packages.radau5(/ssd_scratch/petsc-bout/petsc-3.17.4/config/BuildSystem/config/package.py:1012)
TESTING: alternateConfigureLibrary from config.packages.radau5(/ssd_scratch/petsc-bout/petsc-3.17.4/config/BuildSystem/config/package.py:1008)
TESTING: consistencyChecks from config.packages.pami(/ssd_scratch/petsc-bout/petsc-3.17.4/config/BuildSystem/config/package.py:1012)
TESTING: alternateConfigureLibrary from config.packages.pami(/ssd_scratch/petsc-bout/petsc-3.17.4/config/BuildSystem/config/package.py:1008)
TESTING: consistencyChecks from config.packages.opengles(/ssd_scratch/petsc-bout/petsc-3.17.4/config/BuildSystem/config/package.py:1012)
TESTING: alternateConfigureLibrary from config.packages.opengles(/ssd_scratch/petsc-bout/petsc-3.17.4/config/BuildSystem/config/package.py:1008)
TESTING: consistencyChecks from config.packages.opencl(/ssd_scratch/petsc-bout/petsc-3.17.4/config/BuildSystem/config/package.py:1012)
TESTING: alternateConfigureLibrary from config.packages.opencl(/ssd_scratch/petsc-bout/petsc-3.17.4/config/BuildSystem/config/package.py:1008)
TESTING: consistencyChecks from config.packages.muparser(/ssd_scratch/petsc-bout/petsc-3.17.4/config/BuildSystem/config/package.py:1012)
TESTING: alternateConfigureLibrary from config.packages.muparser(/ssd_scratch/petsc-bout/petsc-3.17.4/config/BuildSystem/config/package.py:1008)
TESTING: consistencyChecks from config.packages.mpe(/ssd_scratch/petsc-bout/petsc-3.17.4/config/BuildSystem/config/package.py:1012)
TESTING: alternateConfigureLibrary from config.packages.mpe(/ssd_scratch/petsc-bout/petsc-3.17.4/config/BuildSystem/config/package.py:1008)
TESTING: consistencyChecks from config.packages.memkind(/ssd_scratch/petsc-bout/petsc-3.17.4/config/BuildSystem/config/package.py:1012)
TESTING: alternateConfigureLibrary from config.packages.memkind(/ssd_scratch/petsc-bout/petsc-3.17.4/config/BuildSystem/config/package.py:1008)
TESTING: consistencyChecks from config.packages.libmesh(/ssd_scratch/petsc-bout/petsc-3.17.4/config/BuildSystem/config/package.py:1012)
TESTING: alternateConfigureLibrary from config.packages.libmesh(/ssd_scratch/petsc-bout/petsc-3.17.4/config/BuildSystem/config/packages/libmesh.py:69)
TESTING: consistencyChecks from config.packages.moose(/ssd_scratch/petsc-bout/petsc-3.17.4/config/BuildSystem/config/package.py:1012)
TESTING: alternateConfigureLibrary from config.packages.moose(/ssd_scratch/petsc-bout/petsc-3.17.4/config/BuildSystem/config/package.py:1008)
TESTING: consistencyChecks from config.packages.libjpeg(/ssd_scratch/petsc-bout/petsc-3.17.4/config/BuildSystem/config/package.py:1012)
TESTING: alternateConfigureLibrary from config.packages.libjpeg(/ssd_scratch/petsc-bout/petsc-3.17.4/config/BuildSystem/config/package.py:1008)
TESTING: consistencyChecks from config.packages.gsl(/ssd_scratch/petsc-bout/petsc-3.17.4/config/BuildSystem/config/package.py:1012)
TESTING: alternateConfigureLibrary from config.packages.gsl(/ssd_scratch/petsc-bout/petsc-3.17.4/config/BuildSystem/config/package.py:1008)
TESTING: consistencyChecks from config.packages.gmp(/ssd_scratch/petsc-bout/petsc-3.17.4/config/BuildSystem/config/package.py:1012)
TESTING: alternateConfigureLibrary from config.packages.gmp(/ssd_scratch/petsc-bout/petsc-3.17.4/config/BuildSystem/config/package.py:1008)
TESTING: consistencyChecks from config.packages.mpfr(/ssd_scratch/petsc-bout/petsc-3.17.4/config/BuildSystem/config/package.py:1012)
TESTING: alternateConfigureLibrary from config.packages.mpfr(/ssd_scratch/petsc-bout/petsc-3.17.4/config/BuildSystem/config/package.py:1008)
TESTING: consistencyChecks from config.packages.giflib(/ssd_scratch/petsc-bout/petsc-3.17.4/config/BuildSystem/config/package.py:1012)
TESTING: alternateConfigureLibrary from config.packages.giflib(/ssd_scratch/petsc-bout/petsc-3.17.4/config/BuildSystem/config/package.py:1008)
TESTING: consistencyChecks from config.packages.cub(/ssd_scratch/petsc-bout/petsc-3.17.4/config/BuildSystem/config/package.py:1012)
TESTING: alternateConfigureLibrary from config.packages.cub(/ssd_scratch/petsc-bout/petsc-3.17.4/config/BuildSystem/config/package.py:1008)
TESTING: consistencyChecks from config.packages.ctetgen(/ssd_scratch/petsc-bout/petsc-3.17.4/config/BuildSystem/config/package.py:1012)
TESTING: alternateConfigureLibrary from config.packages.ctetgen(/ssd_scratch/petsc-bout/petsc-3.17.4/config/BuildSystem/config/package.py:1008)
TESTING: consistencyChecks from config.packages.concurrencykit(/ssd_scratch/petsc-bout/petsc-3.17.4/config/BuildSystem/config/package.py:1012)
TESTING: alternateConfigureLibrary from config.packages.concurrencykit(/ssd_scratch/petsc-bout/petsc-3.17.4/config/BuildSystem/config/package.py:1008)
TESTING: consistencyChecks from config.packages.cams(/ssd_scratch/petsc-bout/petsc-3.17.4/config/BuildSystem/config/package.py:1012)
TESTING: alternateConfigureLibrary from config.packages.cams(/ssd_scratch/petsc-bout/petsc-3.17.4/config/BuildSystem/config/package.py:1008)
TESTING: locateC2html from config.packages.c2html(/ssd_scratch/petsc-bout/petsc-3.17.4/config/BuildSystem/config/packages/c2html.py:30)
TESTING: consistencyChecks from config.packages.boost(/ssd_scratch/petsc-bout/petsc-3.17.4/config/BuildSystem/config/package.py:1012)
TESTING: alternateConfigureLibrary from config.packages.boost(/ssd_scratch/petsc-bout/petsc-3.17.4/config/BuildSystem/config/package.py:1008)
TESTING: consistencyChecks from config.packages.silo(/ssd_scratch/petsc-bout/petsc-3.17.4/config/BuildSystem/config/package.py:1012)
TESTING: alternateConfigureLibrary from config.packages.silo(/ssd_scratch/petsc-bout/petsc-3.17.4/config/BuildSystem/config/package.py:1008)
TESTING: consistencyChecks from config.packages.Random123(/ssd_scratch/petsc-bout/petsc-3.17.4/config/BuildSystem/config/package.py:1012)
TESTING: alternateConfigureLibrary from config.packages.Random123(/ssd_scratch/petsc-bout/petsc-3.17.4/config/BuildSystem/config/package.py:1008)
TESTING: consistencyChecks from config.packages.PARTY(/ssd_scratch/petsc-bout/petsc-3.17.4/config/BuildSystem/config/package.py:1012)
TESTING: alternateConfigureLibrary from config.packages.PARTY(/ssd_scratch/petsc-bout/petsc-3.17.4/config/BuildSystem/config/package.py:1008)
TESTING: consistencyChecks from config.packages.NVSHMEM(/ssd_scratch/petsc-bout/petsc-3.17.4/config/BuildSystem/config/package.py:1012)
TESTING: alternateConfigureLibrary from config.packages.NVSHMEM(/ssd_scratch/petsc-bout/petsc-3.17.4/config/BuildSystem/config/package.py:1008)
TESTING: consistencyChecks from config.packages.Matlab(/ssd_scratch/petsc-bout/petsc-3.17.4/config/BuildSystem/config/package.py:1012)
TESTING: alternateConfigureLibrary from config.packages.Matlab(/ssd_scratch/petsc-bout/petsc-3.17.4/config/BuildSystem/config/package.py:1008)
TESTING: consistencyChecks from config.packages.MatlabEngine(/ssd_scratch/petsc-bout/petsc-3.17.4/config/BuildSystem/config/package.py:1012)
TESTING: alternateConfigureLibrary from config.packages.MatlabEngine(/ssd_scratch/petsc-bout/petsc-3.17.4/config/BuildSystem/config/package.py:1008)
TESTING: consistencyChecks from config.packages.Mathematica(/ssd_scratch/petsc-bout/petsc-3.17.4/config/BuildSystem/config/package.py:1012)
TESTING: alternateConfigureLibrary from config.packages.Mathematica(/ssd_scratch/petsc-bout/petsc-3.17.4/config/BuildSystem/config/package.py:1008)
TESTING: consistencyChecks from config.packages.regex(/ssd_scratch/petsc-bout/petsc-3.17.4/config/BuildSystem/config/package.py:1012)
TESTING: checkDependencies from config.packages.regex(/ssd_scratch/petsc-bout/petsc-3.17.4/config/BuildSystem/config/package.py:912)
TESTING: configureLibrary from config.packages.regex(/ssd_scratch/petsc-bout/petsc-3.17.4/config/BuildSystem/config/package.py:937)
TESTING: check from config.libraries(/ssd_scratch/petsc-bout/petsc-3.17.4/config/BuildSystem/config/libraries.py:167)
TESTING: checkInclude from config.headers(/ssd_scratch/petsc-bout/petsc-3.17.4/config/BuildSystem/config/headers.py:86)
TESTING: checkInclude from config.headers(/ssd_scratch/petsc-bout/petsc-3.17.4/config/BuildSystem/config/headers.py:86)
TESTING: checkVersion from config.packages.regex(/ssd_scratch/petsc-bout/petsc-3.17.4/config/BuildSystem/config/package.py:1079)
TESTING: checkSharedLibrary from config.packages.regex(/ssd_scratch/petsc-bout/petsc-3.17.4/config/BuildSystem/config/package.py:1004)
TESTING: consistencyChecks from config.packages.libceed(/ssd_scratch/petsc-bout/petsc-3.17.4/config/BuildSystem/config/package.py:1012)
TESTING: alternateConfigureLibrary from config.packages.libceed(/ssd_scratch/petsc-bout/petsc-3.17.4/config/BuildSystem/config/package.py:1008)
TESTING: consistencyChecks from config.packages.petsc4py(/ssd_scratch/petsc-bout/petsc-3.17.4/config/BuildSystem/config/package.py:1012)
TESTING: alternateConfigureLibrary from config.packages.petsc4py(/ssd_scratch/petsc-bout/petsc-3.17.4/config/BuildSystem/config/packages/petsc4py.py:131)
TESTING: consistencyChecks from config.packages.mpi4py(/ssd_scratch/petsc-bout/petsc-3.17.4/config/BuildSystem/config/package.py:1012)
TESTING: alternateConfigureLibrary from config.packages.mpi4py(/ssd_scratch/petsc-bout/petsc-3.17.4/config/BuildSystem/config/package.py:1008)
TESTING: consistencyChecks from config.packages.opengl(/ssd_scratch/petsc-bout/petsc-3.17.4/config/BuildSystem/config/package.py:1012)
TESTING: alternateConfigureLibrary from config.packages.opengl(/ssd_scratch/petsc-bout/petsc-3.17.4/config/BuildSystem/config/package.py:1008)
TESTING: consistencyChecks from config.packages.glut(/ssd_scratch/petsc-bout/petsc-3.17.4/config/BuildSystem/config/package.py:1012)
TESTING: alternateConfigureLibrary from config.packages.glut(/ssd_scratch/petsc-bout/petsc-3.17.4/config/BuildSystem/config/package.py:1008)
TESTING: consistencyChecks from config.packages.GLVis(/ssd_scratch/petsc-bout/petsc-3.17.4/config/BuildSystem/config/package.py:1012)
TESTING: alternateConfigureLibrary from config.packages.GLVis(/ssd_scratch/petsc-bout/petsc-3.17.4/config/BuildSystem/config/package.py:1008)
TESTING: consistencyChecks from config.packages.CoDiPack(/ssd_scratch/petsc-bout/petsc-3.17.4/config/BuildSystem/config/package.py:1012)
TESTING: alternateConfigureLibrary from config.packages.CoDiPack(/ssd_scratch/petsc-bout/petsc-3.17.4/config/BuildSystem/config/package.py:1008)
TESTING: consistencyChecks from config.packages.adblaslapack(/ssd_scratch/petsc-bout/petsc-3.17.4/config/BuildSystem/config/package.py:1012)
TESTING: alternateConfigureLibrary from config.packages.adblaslapack(/ssd_scratch/petsc-bout/petsc-3.17.4/config/BuildSystem/config/package.py:1008)
TESTING: locateCMake from config.packages.cmake(/ssd_scratch/petsc-bout/petsc-3.17.4/config/BuildSystem/config/packages/cmake.py:51)
TESTING: consistencyChecks from config.packages.unittestcpp(/ssd_scratch/petsc-bout/petsc-3.17.4/config/BuildSystem/config/package.py:1012)
TESTING: alternateConfigureLibrary from config.packages.unittestcpp(/ssd_scratch/petsc-bout/petsc-3.17.4/config/BuildSystem/config/package.py:1008)
TESTING: consistencyChecks from config.packages.googletest(/ssd_scratch/petsc-bout/petsc-3.17.4/config/BuildSystem/config/package.py:1012)
TESTING: alternateConfigureLibrary from config.packages.googletest(/ssd_scratch/petsc-bout/petsc-3.17.4/config/BuildSystem/config/package.py:1008)
TESTING: consistencyChecks from config.packages.opencascade(/ssd_scratch/petsc-bout/petsc-3.17.4/config/BuildSystem/config/package.py:1012)
TESTING: alternateConfigureLibrary from config.packages.opencascade(/ssd_scratch/petsc-bout/petsc-3.17.4/config/BuildSystem/config/package.py:1008)
TESTING: consistencyChecks from config.packages.eigen(/ssd_scratch/petsc-bout/petsc-3.17.4/config/BuildSystem/config/package.py:1012)
TESTING: alternateConfigureLibrary from config.packages.eigen(/ssd_scratch/petsc-bout/petsc-3.17.4/config/BuildSystem/config/package.py:1008)
TESTING: consistencyChecks from config.packages.szlib(/ssd_scratch/petsc-bout/petsc-3.17.4/config/BuildSystem/config/package.py:1012)
TESTING: alternateConfigureLibrary from config.packages.szlib(/ssd_scratch/petsc-bout/petsc-3.17.4/config/BuildSystem/config/package.py:1008)
TESTING: consistencyChecks from config.packages.zlib(/ssd_scratch/petsc-bout/petsc-3.17.4/config/BuildSystem/config/package.py:1012)
TESTING: alternateConfigureLibrary from config.packages.zlib(/ssd_scratch/petsc-bout/petsc-3.17.4/config/BuildSystem/config/package.py:1008)
TESTING: consistencyChecks from config.packages.tetgen(/ssd_scratch/petsc-bout/petsc-3.17.4/config/BuildSystem/config/package.py:1012)
TESTING: alternateConfigureLibrary from config.packages.tetgen(/ssd_scratch/petsc-bout/petsc-3.17.4/config/BuildSystem/config/package.py:1008)
TESTING: consistencyChecks from config.packages.tchem(/ssd_scratch/petsc-bout/petsc-3.17.4/config/BuildSystem/config/package.py:1012)
TESTING: alternateConfigureLibrary from config.packages.tchem(/ssd_scratch/petsc-bout/petsc-3.17.4/config/BuildSystem/config/package.py:1008)
TESTING: consistencyChecks from config.packages.saws(/ssd_scratch/petsc-bout/petsc-3.17.4/config/BuildSystem/config/package.py:1012)
TESTING: alternateConfigureLibrary from config.packages.saws(/ssd_scratch/petsc-bout/petsc-3.17.4/config/BuildSystem/config/package.py:1008)
TESTING: consistencyChecks from config.packages.libpng(/ssd_scratch/petsc-bout/petsc-3.17.4/config/BuildSystem/config/package.py:1012)
TESTING: alternateConfigureLibrary from config.packages.libpng(/ssd_scratch/petsc-bout/petsc-3.17.4/config/BuildSystem/config/package.py:1008)
TESTING: consistencyChecks from config.packages.hcephes(/ssd_scratch/petsc-bout/petsc-3.17.4/config/BuildSystem/config/package.py:1012)
TESTING: alternateConfigureLibrary from config.packages.hcephes(/ssd_scratch/petsc-bout/petsc-3.17.4/config/BuildSystem/config/package.py:1008)
TESTING: consistencyChecks from config.packages.combblas(/ssd_scratch/petsc-bout/petsc-3.17.4/config/BuildSystem/config/package.py:1012)
TESTING: alternateConfigureLibrary from config.packages.combblas(/ssd_scratch/petsc-bout/petsc-3.17.4/config/BuildSystem/config/package.py:1008)
TESTING: consistencyChecks from config.packages.Triangle(/ssd_scratch/petsc-bout/petsc-3.17.4/config/BuildSystem/config/package.py:1012)
TESTING: alternateConfigureLibrary from config.packages.Triangle(/ssd_scratch/petsc-bout/petsc-3.17.4/config/BuildSystem/config/package.py:1008)
TESTING: consistencyChecks from config.packages.metis(/ssd_scratch/petsc-bout/petsc-3.17.4/config/BuildSystem/config/package.py:1012)
TESTING: alternateConfigureLibrary from config.packages.metis(/ssd_scratch/petsc-bout/petsc-3.17.4/config/BuildSystem/config/package.py:1008)
TESTING: consistencyChecks from config.packages.pragmatic(/ssd_scratch/petsc-bout/petsc-3.17.4/config/BuildSystem/config/package.py:1012)
TESTING: alternateConfigureLibrary from config.packages.pragmatic(/ssd_scratch/petsc-bout/petsc-3.17.4/config/BuildSystem/config/package.py:1008)
TESTING: consistencyChecks from config.packages.parmetis(/ssd_scratch/petsc-bout/petsc-3.17.4/config/BuildSystem/config/package.py:1012)
TESTING: alternateConfigureLibrary from config.packages.parmetis(/ssd_scratch/petsc-bout/petsc-3.17.4/config/BuildSystem/config/package.py:1008)
TESTING: consistencyChecks from config.packages.KS(/ssd_scratch/petsc-bout/petsc-3.17.4/config/BuildSystem/config/package.py:1012)
TESTING: alternateConfigureLibrary from config.packages.KS(/ssd_scratch/petsc-bout/petsc-3.17.4/config/BuildSystem/config/package.py:1008)
TESTING: consistencyChecks from config.packages.Chaco(/ssd_scratch/petsc-bout/petsc-3.17.4/config/BuildSystem/config/package.py:1012)
TESTING: alternateConfigureLibrary from config.packages.Chaco(/ssd_scratch/petsc-bout/petsc-3.17.4/config/BuildSystem/config/package.py:1008)
TESTING: consistencyChecks from config.packages.hdf5(/ssd_scratch/petsc-bout/petsc-3.17.4/config/BuildSystem/config/package.py:1012)
TESTING: alternateConfigureLibrary from config.packages.hdf5(/ssd_scratch/petsc-bout/petsc-3.17.4/config/BuildSystem/config/package.py:1008)
TESTING: consistencyChecks from config.packages.med(/ssd_scratch/petsc-bout/petsc-3.17.4/config/BuildSystem/config/package.py:1012)
TESTING: alternateConfigureLibrary from config.packages.med(/ssd_scratch/petsc-bout/petsc-3.17.4/config/BuildSystem/config/package.py:1008)
TESTING: consistencyChecks from config.packages.cgns(/ssd_scratch/petsc-bout/petsc-3.17.4/config/BuildSystem/config/package.py:1012)
TESTING: alternateConfigureLibrary from config.packages.cgns(/ssd_scratch/petsc-bout/petsc-3.17.4/config/BuildSystem/config/package.py:1008)
TESTING: consistencyChecks from config.packages.ascem-io(/ssd_scratch/petsc-bout/petsc-3.17.4/config/BuildSystem/config/package.py:1012)
TESTING: alternateConfigureLibrary from config.packages.ascem-io(/ssd_scratch/petsc-bout/petsc-3.17.4/config/BuildSystem/config/package.py:1008)
TESTING: consistencyChecks from config.packages.pflotran(/ssd_scratch/petsc-bout/petsc-3.17.4/config/BuildSystem/config/package.py:1012)
TESTING: alternateConfigureLibrary from config.packages.pflotran(/ssd_scratch/petsc-bout/petsc-3.17.4/config/BuildSystem/config/package.py:1008)
TESTING: consistencyChecks from config.packages.alquimia(/ssd_scratch/petsc-bout/petsc-3.17.4/config/BuildSystem/config/package.py:1012)
TESTING: alternateConfigureLibrary from config.packages.alquimia(/ssd_scratch/petsc-bout/petsc-3.17.4/config/BuildSystem/config/package.py:1008)
TESTING: consistencyChecks from config.packages.SAMRAI(/ssd_scratch/petsc-bout/petsc-3.17.4/config/BuildSystem/config/package.py:1012)
TESTING: alternateConfigureLibrary from config.packages.SAMRAI(/ssd_scratch/petsc-bout/petsc-3.17.4/config/BuildSystem/config/package.py:1008)
TESTING: consistencyChecks from config.packages.pnetcdf(/ssd_scratch/petsc-bout/petsc-3.17.4/config/BuildSystem/config/package.py:1012)
TESTING: alternateConfigureLibrary from config.packages.pnetcdf(/ssd_scratch/petsc-bout/petsc-3.17.4/config/BuildSystem/config/package.py:1008)
TESTING: consistencyChecks from config.packages.netcdf(/ssd_scratch/petsc-bout/petsc-3.17.4/config/BuildSystem/config/package.py:1012)
TESTING: alternateConfigureLibrary from config.packages.netcdf(/ssd_scratch/petsc-bout/petsc-3.17.4/config/BuildSystem/config/package.py:1008)
TESTING: consistencyChecks from config.packages.exodusii(/ssd_scratch/petsc-bout/petsc-3.17.4/config/BuildSystem/config/package.py:1012)
TESTING: alternateConfigureLibrary from config.packages.exodusii(/ssd_scratch/petsc-bout/petsc-3.17.4/config/BuildSystem/config/package.py:1008)
TESTING: consistencyChecks from config.packages.fblaslapack(/ssd_scratch/petsc-bout/petsc-3.17.4/config/BuildSystem/config/package.py:1012)
TESTING: alternateConfigureLibrary from config.packages.fblaslapack(/ssd_scratch/petsc-bout/petsc-3.17.4/config/BuildSystem/config/package.py:1008)
TESTING: consistencyChecks from config.packages.pthread(/ssd_scratch/petsc-bout/petsc-3.17.4/config/BuildSystem/config/package.py:1012)
TESTING: checkDependencies from config.packages.pthread(/ssd_scratch/petsc-bout/petsc-3.17.4/config/BuildSystem/config/package.py:912)
TESTING: configureLibrary from config.packages.pthread(/ssd_scratch/petsc-bout/petsc-3.17.4/config/BuildSystem/config/packages/pthread.py:20)
TESTING: check from config.libraries(/ssd_scratch/petsc-bout/petsc-3.17.4/config/BuildSystem/config/libraries.py:167)
TESTING: check from config.libraries(/ssd_scratch/petsc-bout/petsc-3.17.4/config/BuildSystem/config/libraries.py:167)
TESTING: checkInclude from config.headers(/ssd_scratch/petsc-bout/petsc-3.17.4/config/BuildSystem/config/headers.py:86)
TESTING: checkInclude from config.headers(/ssd_scratch/petsc-bout/petsc-3.17.4/config/BuildSystem/config/headers.py:86)
TESTING: checkVersion from config.packages.pthread(/ssd_scratch/petsc-bout/petsc-3.17.4/config/BuildSystem/config/package.py:1079)
TESTING: checkSharedLibrary from config.packages.pthread(/ssd_scratch/petsc-bout/petsc-3.17.4/config/BuildSystem/config/package.py:1004)
TESTING: consistencyChecks from config.packages.egads(/ssd_scratch/petsc-bout/petsc-3.17.4/config/BuildSystem/config/package.py:1012)
TESTING: alternateConfigureLibrary from config.packages.egads(/ssd_scratch/petsc-bout/petsc-3.17.4/config/BuildSystem/config/package.py:1008)
TESTING: consistencyChecks from config.packages.PTScotch(/ssd_scratch/petsc-bout/petsc-3.17.4/config/BuildSystem/config/package.py:1012)
TESTING: alternateConfigureLibrary from config.packages.PTScotch(/ssd_scratch/petsc-bout/petsc-3.17.4/config/BuildSystem/config/package.py:1008)
TESTING: consistencyChecks from config.packages.mmg(/ssd_scratch/petsc-bout/petsc-3.17.4/config/BuildSystem/config/package.py:1012)
TESTING: alternateConfigureLibrary from config.packages.mmg(/ssd_scratch/petsc-bout/petsc-3.17.4/config/BuildSystem/config/package.py:1008)
TESTING: consistencyChecks from config.packages.parmmg(/ssd_scratch/petsc-bout/petsc-3.17.4/config/BuildSystem/config/package.py:1012)
TESTING: alternateConfigureLibrary from config.packages.parmmg(/ssd_scratch/petsc-bout/petsc-3.17.4/config/BuildSystem/config/package.py:1008)
TESTING: consistencyChecks from config.packages.Zoltan(/ssd_scratch/petsc-bout/petsc-3.17.4/config/BuildSystem/config/package.py:1012)
TESTING: alternateConfigureLibrary from config.packages.Zoltan(/ssd_scratch/petsc-bout/petsc-3.17.4/config/BuildSystem/config/package.py:1008)
TESTING: consistencyChecks from config.packages.ADIOS(/ssd_scratch/petsc-bout/petsc-3.17.4/config/BuildSystem/config/package.py:1012)
TESTING: alternateConfigureLibrary from config.packages.ADIOS(/ssd_scratch/petsc-bout/petsc-3.17.4/config/BuildSystem/config/package.py:1008)
TESTING: consistencyChecks from config.packages.openmp(/ssd_scratch/petsc-bout/petsc-3.17.4/config/BuildSystem/config/package.py:1012)
TESTING: alternateConfigureLibrary from config.packages.openmp(/ssd_scratch/petsc-bout/petsc-3.17.4/config/BuildSystem/config/package.py:1008)
TESTING: consistencyChecks from config.packages.viennacl(/ssd_scratch/petsc-bout/petsc-3.17.4/config/BuildSystem/config/package.py:1012)
TESTING: alternateConfigureLibrary from config.packages.viennacl(/ssd_scratch/petsc-bout/petsc-3.17.4/config/BuildSystem/config/package.py:1008)
TESTING: consistencyChecks from config.packages.ColPack(/ssd_scratch/petsc-bout/petsc-3.17.4/config/BuildSystem/config/package.py:1012)
TESTING: alternateConfigureLibrary from config.packages.ColPack(/ssd_scratch/petsc-bout/petsc-3.17.4/config/BuildSystem/config/package.py:1008)
TESTING: consistencyChecks from config.packages.ADOLC(/ssd_scratch/petsc-bout/petsc-3.17.4/config/BuildSystem/config/package.py:1012)
TESTING: alternateConfigureLibrary from config.packages.ADOLC(/ssd_scratch/petsc-bout/petsc-3.17.4/config/BuildSystem/config/package.py:1008)
TESTING: consistencyChecks from config.packages.openblas(/ssd_scratch/petsc-bout/petsc-3.17.4/config/BuildSystem/config/package.py:1012)
TESTING: alternateConfigureLibrary from config.packages.openblas(/ssd_scratch/petsc-bout/petsc-3.17.4/config/BuildSystem/config/package.py:1008)
TESTING: consistencyChecks from config.packages.blis(/ssd_scratch/petsc-bout/petsc-3.17.4/config/BuildSystem/config/package.py:1012)
TESTING: alternateConfigureLibrary from config.packages.blis(/ssd_scratch/petsc-bout/petsc-3.17.4/config/BuildSystem/config/package.py:1008)
TESTING: consistencyChecks from config.packages.f2cblaslapack(/ssd_scratch/petsc-bout/petsc-3.17.4/config/BuildSystem/config/package.py:1012)
TESTING: alternateConfigureLibrary from config.packages.f2cblaslapack(/ssd_scratch/petsc-bout/petsc-3.17.4/config/BuildSystem/config/package.py:1008)
TESTING: consistencyChecks from config.packages.BlasLapack(/ssd_scratch/petsc-bout/petsc-3.17.4/config/BuildSystem/config/package.py:1012)
TESTING: checkDependencies from config.packages.BlasLapack(/ssd_scratch/petsc-bout/petsc-3.17.4/config/BuildSystem/config/package.py:912)
TESTING: configureLibrary from config.packages.BlasLapack(/ssd_scratch/petsc-bout/petsc-3.17.4/config/BuildSystem/config/packages/BlasLapack.py:494)
TESTING: checkLib from config.packages.BlasLapack(/ssd_scratch/petsc-bout/petsc-3.17.4/config/BuildSystem/config/packages/BlasLapack.py:109)
TESTING: checkLib from config.packages.BlasLapack(/ssd_scratch/petsc-bout/petsc-3.17.4/config/BuildSystem/config/packages/BlasLapack.py:109)
TESTING: checkLib from config.packages.BlasLapack(/ssd_scratch/petsc-bout/petsc-3.17.4/config/BuildSystem/config/packages/BlasLapack.py:109)
TESTING: checkLib from config.packages.BlasLapack(/ssd_scratch/petsc-bout/petsc-3.17.4/config/BuildSystem/config/packages/BlasLapack.py:109)
TESTING: checkMKL from config.packages.BlasLapack(/ssd_scratch/petsc-bout/petsc-3.17.4/config/BuildSystem/config/packages/BlasLapack.py:566)
TESTING: checkESSL from config.packages.BlasLapack(/ssd_scratch/petsc-bout/petsc-3.17.4/config/BuildSystem/config/packages/BlasLapack.py:612)
TESTING: checkPESSL from config.packages.BlasLapack(/ssd_scratch/petsc-bout/petsc-3.17.4/config/BuildSystem/config/packages/BlasLapack.py:632)
TESTING: checkMissing from config.packages.BlasLapack(/ssd_scratch/petsc-bout/petsc-3.17.4/config/BuildSystem/config/packages/BlasLapack.py:657)
TESTING: checklsame from config.packages.BlasLapack(/ssd_scratch/petsc-bout/petsc-3.17.4/config/BuildSystem/config/packages/BlasLapack.py:673)
TESTING: checkRuntimeIssues from config.packages.BlasLapack(/ssd_scratch/petsc-bout/petsc-3.17.4/config/BuildSystem/config/packages/BlasLapack.py:732)
TESTING: checkVersion from config.packages.BlasLapack(/ssd_scratch/petsc-bout/petsc-3.17.4/config/BuildSystem/config/package.py:1079)
TESTING: checkSharedLibrary from config.packages.BlasLapack(/ssd_scratch/petsc-bout/petsc-3.17.4/config/BuildSystem/config/package.py:1004)
TESTING: consistencyChecks from config.packages.sundials2(/ssd_scratch/petsc-bout/petsc-3.17.4/config/BuildSystem/config/package.py:1012)
TESTING: alternateConfigureLibrary from config.packages.sundials2(/ssd_scratch/petsc-bout/petsc-3.17.4/config/BuildSystem/config/package.py:1008)
TESTING: consistencyChecks from config.packages.spai(/ssd_scratch/petsc-bout/petsc-3.17.4/config/BuildSystem/config/packages/spai.py:53)
TESTING: alternateConfigureLibrary from config.packages.spai(/ssd_scratch/petsc-bout/petsc-3.17.4/config/BuildSystem/config/package.py:1008)
TESTING: consistencyChecks from config.packages.raja(/ssd_scratch/petsc-bout/petsc-3.17.4/config/BuildSystem/config/package.py:1012)
TESTING: alternateConfigureLibrary from config.packages.raja(/ssd_scratch/petsc-bout/petsc-3.17.4/config/BuildSystem/config/package.py:1008)
TESTING: consistencyChecks from config.packages.pARMS(/ssd_scratch/petsc-bout/petsc-3.17.4/config/BuildSystem/config/package.py:1012)
TESTING: alternateConfigureLibrary from config.packages.pARMS(/ssd_scratch/petsc-bout/petsc-3.17.4/config/BuildSystem/config/package.py:1008)
TESTING: consistencyChecks from config.packages.p4est(/ssd_scratch/petsc-bout/petsc-3.17.4/config/BuildSystem/config/package.py:1012)
TESTING: alternateConfigureLibrary from config.packages.p4est(/ssd_scratch/petsc-bout/petsc-3.17.4/config/BuildSystem/config/package.py:1008)
TESTING: consistencyChecks from config.packages.mkl_sparse_optimize(/ssd_scratch/petsc-bout/petsc-3.17.4/config/BuildSystem/config/package.py:1012)
TESTING: checkDependencies from config.packages.mkl_sparse_optimize(/ssd_scratch/petsc-bout/petsc-3.17.4/config/BuildSystem/config/package.py:912)
TESTING: configureLibrary from config.packages.mkl_sparse_optimize(/ssd_scratch/petsc-bout/petsc-3.17.4/config/BuildSystem/config/packages/mkl_sparse_optimize.py:48)
TESTING: checkVersion from config.packages.mkl_sparse_optimize(/ssd_scratch/petsc-bout/petsc-3.17.4/config/BuildSystem/config/package.py:1079)
TESTING: checkSharedLibrary from config.packages.mkl_sparse_optimize(/ssd_scratch/petsc-bout/petsc-3.17.4/config/BuildSystem/config/package.py:1004)
TESTING: consistencyChecks from config.packages.mkl_sparse(/ssd_scratch/petsc-bout/petsc-3.17.4/config/BuildSystem/config/package.py:1012)
TESTING: checkDependencies from config.packages.mkl_sparse(/ssd_scratch/petsc-bout/petsc-3.17.4/config/BuildSystem/config/package.py:912)
TESTING: configureLibrary from config.packages.mkl_sparse(/ssd_scratch/petsc-bout/petsc-3.17.4/config/BuildSystem/config/packages/mkl_sparse.py:21)
TESTING: checkVersion from config.packages.mkl_sparse(/ssd_scratch/petsc-bout/petsc-3.17.4/config/BuildSystem/config/package.py:1079)
TESTING: checkSharedLibrary from config.packages.mkl_sparse(/ssd_scratch/petsc-bout/petsc-3.17.4/config/BuildSystem/config/package.py:1004)
TESTING: consistencyChecks from config.packages.mkl_cpardiso(/ssd_scratch/petsc-bout/petsc-3.17.4/config/BuildSystem/config/packages/mkl_cpardiso.py:20)
TESTING: alternateConfigureLibrary from config.packages.mkl_cpardiso(/ssd_scratch/petsc-bout/petsc-3.17.4/config/BuildSystem/config/package.py:1008)
TESTING: consistencyChecks from config.packages.kokkos(/ssd_scratch/petsc-bout/petsc-3.17.4/config/BuildSystem/config/package.py:1012)
TESTING: alternateConfigureLibrary from config.packages.kokkos(/ssd_scratch/petsc-bout/petsc-3.17.4/config/BuildSystem/config/package.py:1008)
TESTING: consistencyChecks from config.packages.kokkos-kernels(/ssd_scratch/petsc-bout/petsc-3.17.4/config/BuildSystem/config/package.py:1012)
TESTING: alternateConfigureLibrary from config.packages.kokkos-kernels(/ssd_scratch/petsc-bout/petsc-3.17.4/config/BuildSystem/config/package.py:1008)
TESTING: consistencyChecks from config.packages.htool(/ssd_scratch/petsc-bout/petsc-3.17.4/config/BuildSystem/config/package.py:1012)
TESTING: alternateConfigureLibrary from config.packages.htool(/ssd_scratch/petsc-bout/petsc-3.17.4/config/BuildSystem/config/package.py:1008)
TESTING: consistencyChecks from config.packages.magma(/ssd_scratch/petsc-bout/petsc-3.17.4/config/BuildSystem/config/package.py:1012)
TESTING: alternateConfigureLibrary from config.packages.magma(/ssd_scratch/petsc-bout/petsc-3.17.4/config/BuildSystem/config/package.py:1008)
TESTING: consistencyChecks from config.packages.kblas(/ssd_scratch/petsc-bout/petsc-3.17.4/config/BuildSystem/config/package.py:1012)
TESTING: alternateConfigureLibrary from config.packages.kblas(/ssd_scratch/petsc-bout/petsc-3.17.4/config/BuildSystem/config/package.py:1008)
TESTING: consistencyChecks from config.packages.h2opus(/ssd_scratch/petsc-bout/petsc-3.17.4/config/BuildSystem/config/package.py:1012)
TESTING: alternateConfigureLibrary from config.packages.h2opus(/ssd_scratch/petsc-bout/petsc-3.17.4/config/BuildSystem/config/package.py:1008)
TESTING: consistencyChecks from config.packages.fftw(/ssd_scratch/petsc-bout/petsc-3.17.4/config/BuildSystem/config/package.py:1012)
TESTING: alternateConfigureLibrary from config.packages.fftw(/ssd_scratch/petsc-bout/petsc-3.17.4/config/BuildSystem/config/package.py:1008)
TESTING: consistencyChecks from config.packages.elemental(/ssd_scratch/petsc-bout/petsc-3.17.4/config/BuildSystem/config/package.py:1012)
TESTING: alternateConfigureLibrary from config.packages.elemental(/ssd_scratch/petsc-bout/petsc-3.17.4/config/BuildSystem/config/package.py:1008)
TESTING: consistencyChecks from config.packages.ml(/ssd_scratch/petsc-bout/petsc-3.17.4/config/BuildSystem/config/package.py:1012)
TESTING: alternateConfigureLibrary from config.packages.ml(/ssd_scratch/petsc-bout/petsc-3.17.4/config/BuildSystem/config/package.py:1008)
TESTING: consistencyChecks from config.packages.mkl_pardiso(/ssd_scratch/petsc-bout/petsc-3.17.4/config/BuildSystem/config/packages/mkl_pardiso.py:21)
TESTING: alternateConfigureLibrary from config.packages.mkl_pardiso(/ssd_scratch/petsc-bout/petsc-3.17.4/config/BuildSystem/config/package.py:1008)
TESTING: consistencyChecks from config.packages.SuperLU_DIST(/ssd_scratch/petsc-bout/petsc-3.17.4/config/BuildSystem/config/package.py:1012)
TESTING: alternateConfigureLibrary from config.packages.SuperLU_DIST(/ssd_scratch/petsc-bout/petsc-3.17.4/config/BuildSystem/config/package.py:1008)
TESTING: consistencyChecks from config.packages.SuperLU(/ssd_scratch/petsc-bout/petsc-3.17.4/config/BuildSystem/config/package.py:1012)
TESTING: alternateConfigureLibrary from config.packages.SuperLU(/ssd_scratch/petsc-bout/petsc-3.17.4/config/BuildSystem/config/package.py:1008)
TESTING: consistencyChecks from config.packages.PaStiX(/ssd_scratch/petsc-bout/petsc-3.17.4/config/BuildSystem/config/package.py:1012)
TESTING: alternateConfigureLibrary from config.packages.PaStiX(/ssd_scratch/petsc-bout/petsc-3.17.4/config/BuildSystem/config/package.py:1008)
TESTING: consistencyChecks from config.packages.scalapack(/ssd_scratch/petsc-bout/petsc-3.17.4/config/BuildSystem/config/package.py:1012)
TESTING: alternateConfigureLibrary from config.packages.scalapack(/ssd_scratch/petsc-bout/petsc-3.17.4/config/BuildSystem/config/package.py:1008)
TESTING: consistencyChecks from config.packages.strumpack(/ssd_scratch/petsc-bout/petsc-3.17.4/config/BuildSystem/config/packages/strumpack.py:65)
TESTING: alternateConfigureLibrary from config.packages.strumpack(/ssd_scratch/petsc-bout/petsc-3.17.4/config/BuildSystem/config/package.py:1008)
TESTING: consistencyChecks from config.packages.MUMPS(/ssd_scratch/petsc-bout/petsc-3.17.4/config/BuildSystem/config/packages/MUMPS.py:59)
TESTING: alternateConfigureLibrary from config.packages.MUMPS(/ssd_scratch/petsc-bout/petsc-3.17.4/config/BuildSystem/config/package.py:1008)
TESTING: consistencyChecks from config.packages.MOAB(/ssd_scratch/petsc-bout/petsc-3.17.4/config/BuildSystem/config/package.py:1012)
TESTING: alternateConfigureLibrary from config.packages.MOAB(/ssd_scratch/petsc-bout/petsc-3.17.4/config/BuildSystem/config/package.py:1008)
TESTING: consistencyChecks from config.packages.SuiteSparse(/ssd_scratch/petsc-bout/petsc-3.17.4/config/BuildSystem/config/packages/SuiteSparse.py:176)
TESTING: alternateConfigureLibrary from config.packages.SuiteSparse(/ssd_scratch/petsc-bout/petsc-3.17.4/config/BuildSystem/config/package.py:1008)
TESTING: consistencyChecks from config.packages.Chombo(/ssd_scratch/petsc-bout/petsc-3.17.4/config/BuildSystem/config/packages/Chombo.py:130)
TESTING: alternateConfigureLibrary from config.packages.Chombo(/ssd_scratch/petsc-bout/petsc-3.17.4/config/BuildSystem/config/package.py:1008)
TESTING: consistencyChecks from config.packages.hypre(/ssd_scratch/petsc-bout/petsc-3.17.4/config/BuildSystem/config/packages/hypre.py:176)
TESTING: checkDependencies from config.packages.hypre(/ssd_scratch/petsc-bout/petsc-3.17.4/config/BuildSystem/config/package.py:912)
TESTING: configureLibrary from config.packages.hypre(/ssd_scratch/petsc-bout/petsc-3.17.4/config/BuildSystem/config/packages/hypre.py:184)
                **************************************************************************************************
                Please register to use hypre at https://computation.llnl.gov/casc/linear_solvers/sls_hypre.html
                **************************************************************************************************

                        =============================================================================================
                              Trying to download git://https://github.com/hypre-space/hypre for HYPRE
                        =============================================================================================
                      
                        =============================================================================================
                              Running configure on HYPRE; this may take several minutes
                        =============================================================================================
                      
                        =============================================================================================
                              Running make on HYPRE; this may take several minutes
                        =============================================================================================
                      
                        =============================================================================================
                              Running make install on HYPRE; this may take several minutes
                        =============================================================================================
                      
TESTING: check from config.libraries(/ssd_scratch/petsc-bout/petsc-3.17.4/config/BuildSystem/config/libraries.py:167)
TESTING: checkInclude from config.headers(/ssd_scratch/petsc-bout/petsc-3.17.4/config/BuildSystem/config/headers.py:86)
TESTING: checkInclude from config.headers(/ssd_scratch/petsc-bout/petsc-3.17.4/config/BuildSystem/config/headers.py:86)
TESTING: checkVersion from config.packages.hypre(/ssd_scratch/petsc-bout/petsc-3.17.4/config/BuildSystem/config/package.py:1079)
TESTING: checkSharedLibrary from config.packages.hypre(/ssd_scratch/petsc-bout/petsc-3.17.4/config/BuildSystem/config/package.py:1004)
TESTING: consistencyChecks from config.packages.Trilinos(/ssd_scratch/petsc-bout/petsc-3.17.4/config/BuildSystem/config/package.py:1012)
TESTING: alternateConfigureLibrary from config.packages.Trilinos(/ssd_scratch/petsc-bout/petsc-3.17.4/config/BuildSystem/config/package.py:1008)
TESTING: consistencyChecks from config.packages.xSDKTrilinos(/ssd_scratch/petsc-bout/petsc-3.17.4/config/BuildSystem/config/package.py:1012)
TESTING: alternateConfigureLibrary from config.packages.xSDKTrilinos(/ssd_scratch/petsc-bout/petsc-3.17.4/config/BuildSystem/config/package.py:1008)
TESTING: consistencyChecks from config.packages.mstk(/ssd_scratch/petsc-bout/petsc-3.17.4/config/BuildSystem/config/package.py:1012)
TESTING: alternateConfigureLibrary from config.packages.mstk(/ssd_scratch/petsc-bout/petsc-3.17.4/config/BuildSystem/config/package.py:1008)
TESTING: consistencyChecks from config.packages.slepc(/ssd_scratch/petsc-bout/petsc-3.17.4/config/BuildSystem/config/package.py:1012)
TESTING: alternateConfigureLibrary from config.packages.slepc(/ssd_scratch/petsc-bout/petsc-3.17.4/config/BuildSystem/config/packages/slepc.py:97)
TESTING: consistencyChecks from config.packages.hpddm(/ssd_scratch/petsc-bout/petsc-3.17.4/config/BuildSystem/config/package.py:1012)
TESTING: alternateConfigureLibrary from config.packages.hpddm(/ssd_scratch/petsc-bout/petsc-3.17.4/config/BuildSystem/config/packages/hpddm.py:109)
TESTING: consistencyChecks from config.packages.bamg(/ssd_scratch/petsc-bout/petsc-3.17.4/config/BuildSystem/config/package.py:1012)
TESTING: alternateConfigureLibrary from config.packages.bamg(/ssd_scratch/petsc-bout/petsc-3.17.4/config/BuildSystem/config/packages/bamg.py:86)
TESTING: consistencyChecks from config.packages.MFEM(/ssd_scratch/petsc-bout/petsc-3.17.4/config/BuildSystem/config/package.py:1012)
TESTING: alternateConfigureLibrary from config.packages.MFEM(/ssd_scratch/petsc-bout/petsc-3.17.4/config/BuildSystem/config/packages/MFEM.py:217)
TESTING: consistencyChecks from config.packages.AMReX(/ssd_scratch/petsc-bout/petsc-3.17.4/config/BuildSystem/config/package.py:1012)
TESTING: alternateConfigureLibrary from config.packages.AMReX(/ssd_scratch/petsc-bout/petsc-3.17.4/config/BuildSystem/config/packages/AMReX.py:151)
TESTING: configureRTLDDefault from PETSc.Configure(/ssd_scratch/petsc-bout/petsc-3.17.4/config/PETSc/Configure.py:710)
TESTING: configurePrefetch from PETSc.Configure(/ssd_scratch/petsc-bout/petsc-3.17.4/config/PETSc/Configure.py:528)
TESTING: configureUnused from PETSc.Configure(/ssd_scratch/petsc-bout/petsc-3.17.4/config/PETSc/Configure.py:596)
TESTING: configureDeprecated from PETSc.Configure(/ssd_scratch/petsc-bout/petsc-3.17.4/config/PETSc/Configure.py:614)
TESTING: configureIsatty from PETSc.Configure(/ssd_scratch/petsc-bout/petsc-3.17.4/config/PETSc/Configure.py:608)
TESTING: configureExpect from PETSc.Configure(/ssd_scratch/petsc-bout/petsc-3.17.4/config/PETSc/Configure.py:663)
TESTING: configureAlign from PETSc.Configure(/ssd_scratch/petsc-bout/petsc-3.17.4/config/PETSc/Configure.py:647)
TESTING: configureFunctionName from PETSc.Configure(/ssd_scratch/petsc-bout/petsc-3.17.4/config/PETSc/Configure.py:670)
TESTING: configureIntptrt from PETSc.Configure(/ssd_scratch/petsc-bout/petsc-3.17.4/config/PETSc/Configure.py:688)
TESTING: configureSolaris from PETSc.Configure(/ssd_scratch/petsc-bout/petsc-3.17.4/config/PETSc/Configure.py:715)
TESTING: configureLinux from PETSc.Configure(/ssd_scratch/petsc-bout/petsc-3.17.4/config/PETSc/Configure.py:737)
TESTING: configureDarwin from PETSc.Configure(/ssd_scratch/petsc-bout/petsc-3.17.4/config/PETSc/Configure.py:728)
TESTING: configureWin32 from PETSc.Configure(/ssd_scratch/petsc-bout/petsc-3.17.4/config/PETSc/Configure.py:743)
TESTING: configureCygwinBrokenPipe from PETSc.Configure(/ssd_scratch/petsc-bout/petsc-3.17.4/config/PETSc/Configure.py:821)
TESTING: configureDefaultArch from PETSc.Configure(/ssd_scratch/petsc-bout/petsc-3.17.4/config/PETSc/Configure.py:837)
TESTING: configureScript from PETSc.Configure(/ssd_scratch/petsc-bout/petsc-3.17.4/config/PETSc/Configure.py:854)
TESTING: configureInstall from PETSc.Configure(/ssd_scratch/petsc-bout/petsc-3.17.4/config/PETSc/Configure.py:893)
TESTING: configureGCOV from PETSc.Configure(/ssd_scratch/petsc-bout/petsc-3.17.4/config/PETSc/Configure.py:909)
TESTING: configureAtoll from PETSc.Configure(/ssd_scratch/petsc-bout/petsc-3.17.4/config/PETSc/Configure.py:591)
Compilers:
  C Compiler:         mpicc  -fPIC -Wall -Wwrite-strings -Wno-unknown-pragmas -Wno-lto-type-mismatch -fstack-protector -fvisibility=hidden -O3  
    Version: gcc (Ubuntu 9.4.0-1ubuntu1~20.04.2) 9.4.0
  C++ Compiler:         mpicxx  -Wall -Wwrite-strings -Wno-strict-aliasing -Wno-unknown-pragmas -Wno-lto-type-mismatch -fstack-protector -fvisibility=hidden -O3  -std=gnu++17 -fPIC 
    Version: g++ (Ubuntu 9.4.0-1ubuntu1~20.04.2) 9.4.0
  Fortran Compiler:         mpif90  -fPIC -Wall -ffree-line-length-0 -Wno-lto-type-mismatch -Wno-unused-dummy-argument -O3  
    Version: GNU Fortran (Ubuntu 9.4.0-1ubuntu1~20.04.2) 9.4.0
Linkers:
  Shared linker:   mpicc  -shared  -fPIC -Wall -Wwrite-strings -Wno-unknown-pragmas -Wno-lto-type-mismatch -fstack-protector -fvisibility=hidden -O3
  Dynamic linker:   mpicc  -shared  -fPIC -Wall -Wwrite-strings -Wno-unknown-pragmas -Wno-lto-type-mismatch -fstack-protector -fvisibility=hidden -O3
  Libraries linked against:   -lquadmath -lstdc++ -ldl 
BlasLapack:
  Library:  -lflexiblas
  Unknown if this uses OpenMP (try export OMP_NUM_THREADS=<1-4> yourprogram -log_view) 
  uses 4 byte integers
MPI:
  Version:  3
  mpiexec: /usr/bin/mpiexec
  Implementation: openmpi
  OMPI_VERSION: 4.1.1
X:
  Library:  -lX11
pthread:
  Library:  -lpthread
cmake:
  /usr/bin/cmake
hypre:
  Version:  2.24.0
  Includes: -I/ssd_scratch/petsc-bout/petsc-build/include
  Library:  -Wl,-rpath,/ssd_scratch/petsc-bout/petsc-build/lib -L/ssd_scratch/petsc-bout/petsc-build/lib -lHYPRE
regex:
  Language used to compile PETSc: C
PETSc:
  PETSC_ARCH: arch-linux-c-opt
  PETSC_DIR: /ssd_scratch/petsc-bout/petsc-3.17.4
  Prefix: /ssd_scratch/petsc-bout/petsc-build
  Scalar type: real
  Precision: double
  Support for __float128
  Integer size: 4 bytes
  Single library: yes
  Shared libraries: yes
  Memory alignment from malloc(): 16 bytes
  Using GNU make: /usr/bin/make
xxx=========================================================================xxx
 Configure stage complete. Now build PETSc libraries with:
   make PETSC_DIR=/ssd_scratch/petsc-bout/petsc-3.17.4 PETSC_ARCH=arch-linux-c-opt all
xxx=========================================================================xxx
/ssd_scratch/scripts/.venv/bin/python3 ./config/gmakegen.py --petsc-arch=arch-linux-c-opt
==========================================
 
See documentation/faq.html and documentation/bugreporting.html
for help with installation problems.  Please send EVERYTHING
printed out below when reporting problems.  Please check the
mailing list archives and consider subscribing.
 
  https://petsc.org/release/community/mailing/
 
==========================================
Starting make run on fusion131 at Tue, 20 Aug 2024 12:56:40 +0100
Machine characteristics: Linux fusion131 5.15.0-116-generic #126~20.04.1-Ubuntu SMP Mon Jul 1 15:40:07 UTC 2024 x86_64 x86_64 x86_64 GNU/Linux
-----------------------------------------
Using PETSc directory: /ssd_scratch/petsc-bout/petsc-3.17.4
Using PETSc arch: arch-linux-c-opt
-----------------------------------------
PETSC_VERSION_RELEASE    1
PETSC_VERSION_MAJOR      3
PETSC_VERSION_MINOR      17
PETSC_VERSION_SUBMINOR   4
PETSC_VERSION_DATE       "Aug 01, 2022"
PETSC_VERSION_GIT        "v3.17.4"
PETSC_VERSION_DATE_GIT   "2022-08-01 22:07:30 -0500"
PETSC_VERSION_EQ(MAJOR,MINOR,SUBMINOR) \
PETSC_VERSION_ PETSC_VERSION_EQ
PETSC_VERSION_LT(MAJOR,MINOR,SUBMINOR)          \
PETSC_VERSION_LE(MAJOR,MINOR,SUBMINOR) \
PETSC_VERSION_GT(MAJOR,MINOR,SUBMINOR) \
PETSC_VERSION_GE(MAJOR,MINOR,SUBMINOR) \
-----------------------------------------
Using configure Options: COPTFLAGS=-O3 CXXOPTFLAGS=-O3 FOPTFLAGS=-O3 --download-hypre --with-debugging=0 --prefix=../petsc-build -on-error-attach-debugger
Using configuration flags:
#define INCLUDED_PETSCCONF_H
#define PETSC_ARCH ""
#define PETSC_ATTRIBUTEALIGNED(size) __attribute((aligned(size)))
#define PETSC_Alignx(a,b)   
#define PETSC_BLASLAPACK_UNDERSCORE 1
#define PETSC_CLANGUAGE_C 1
#define PETSC_CXX_RESTRICT __restrict
#define PETSC_DEPRECATED_ENUM(why) __attribute((deprecated))
#define PETSC_DEPRECATED_FUNCTION(why) __attribute((deprecated))
#define PETSC_DEPRECATED_MACRO(why) _Pragma(why)
#define PETSC_DEPRECATED_TYPEDEF(why) __attribute((deprecated))
#define PETSC_DIR "/ssd_scratch/petsc-bout/petsc-build"
#define PETSC_DIR_SEPARATOR '/'
#define PETSC_FORTRAN_CHARLEN_T size_t
#define PETSC_FORTRAN_TYPE_INITIALIZE  = -2
#define PETSC_FUNCTION_NAME_C __func__
#define PETSC_FUNCTION_NAME_CXX __func__
#define PETSC_HAVE_ACCESS 1
#define PETSC_HAVE_ATOLL 1
#define PETSC_HAVE_ATTRIBUTEALIGNED 1
#define PETSC_HAVE_BUILTIN_EXPECT 1
#define PETSC_HAVE_BZERO 1
#define PETSC_HAVE_C99_COMPLEX 1
#define PETSC_HAVE_CLOCK 1
#define PETSC_HAVE_CXX 1
#define PETSC_HAVE_CXX_COMPLEX 1
#define PETSC_HAVE_CXX_COMPLEX_FIX 1
#define PETSC_HAVE_CXX_DIALECT_CXX11 1
#define PETSC_HAVE_CXX_DIALECT_CXX14 1
#define PETSC_HAVE_CXX_DIALECT_CXX17 1
#define PETSC_HAVE_DLADDR 1
#define PETSC_HAVE_DLCLOSE 1
#define PETSC_HAVE_DLERROR 1
#define PETSC_HAVE_DLFCN_H 1
#define PETSC_HAVE_DLOPEN 1
#define PETSC_HAVE_DLSYM 1
#define PETSC_HAVE_DOUBLE_ALIGN_MALLOC 1
#define PETSC_HAVE_DRAND48 1
#define PETSC_HAVE_DYNAMIC_LIBRARIES 1
#define PETSC_HAVE_ERF 1
#define PETSC_HAVE_F90_2PTR_ARG 1
#define PETSC_HAVE_FCNTL_H 1
#define PETSC_HAVE_FENV_H 1
#define PETSC_HAVE_FLOAT_H 1
#define PETSC_HAVE_FORK 1
#define PETSC_HAVE_FORTRAN 1
#define PETSC_HAVE_FORTRAN_FLUSH 1
#define PETSC_HAVE_FORTRAN_GET_COMMAND_ARGUMENT 1
#define PETSC_HAVE_FORTRAN_TYPE_STAR 1
#define PETSC_HAVE_FORTRAN_UNDERSCORE 1
#define PETSC_HAVE_FSTATAT 1
#define PETSC_HAVE_GETCWD 1
#define PETSC_HAVE_GETDOMAINNAME 1
#define PETSC_HAVE_GETHOSTBYNAME 1
#define PETSC_HAVE_GETHOSTNAME 1
#define PETSC_HAVE_GETPAGESIZE 1
#define PETSC_HAVE_GETRUSAGE 1
#define PETSC_HAVE_HYPRE 1
#define PETSC_HAVE_IMMINTRIN_H 1
#define PETSC_HAVE_INTTYPES_H 1
#define PETSC_HAVE_ISINF 1
#define PETSC_HAVE_ISNAN 1
#define PETSC_HAVE_ISNORMAL 1
#define PETSC_HAVE_LGAMMA 1
#define PETSC_HAVE_LOG2 1
#define PETSC_HAVE_LSEEK 1
#define PETSC_HAVE_MALLOC_H 1
#define PETSC_HAVE_MEMALIGN 1
#define PETSC_HAVE_MEMMOVE 1
#define PETSC_HAVE_MMAP 1
#define PETSC_HAVE_MPIEXEC_ENVIRONMENTAL_VARIABLE OMP
#define PETSC_HAVE_MPIIO 1
#define PETSC_HAVE_MPI_COMBINER_CONTIGUOUS 1
#define PETSC_HAVE_MPI_COMBINER_DUP 1
#define PETSC_HAVE_MPI_COMBINER_NAMED 1
#define PETSC_HAVE_MPI_F90MODULE 1
#define PETSC_HAVE_MPI_F90MODULE_VISIBILITY 1
#define PETSC_HAVE_MPI_GET_ACCUMULATE 1
#define PETSC_HAVE_MPI_GET_LIBRARY_VERSION 1
#define PETSC_HAVE_MPI_INIT_THREAD 1
#define PETSC_HAVE_MPI_INT64_T 1
#define PETSC_HAVE_MPI_LONG_DOUBLE 1
#define PETSC_HAVE_MPI_NEIGHBORHOOD_COLLECTIVES 1
#define PETSC_HAVE_MPI_NONBLOCKING_COLLECTIVES 1
#define PETSC_HAVE_MPI_ONE_SIDED 1
#define PETSC_HAVE_MPI_PROCESS_SHARED_MEMORY 1
#define PETSC_HAVE_MPI_REDUCE_LOCAL 1
#define PETSC_HAVE_MPI_REDUCE_SCATTER_BLOCK 1
#define PETSC_HAVE_MPI_RGET 1
#define PETSC_HAVE_MPI_WIN_CREATE 1
#define PETSC_HAVE_NANOSLEEP 1
#define PETSC_HAVE_NETDB_H 1
#define PETSC_HAVE_NETINET_IN_H 1
#define PETSC_HAVE_OMPI_MAJOR_VERSION 4
#define PETSC_HAVE_OMPI_MINOR_VERSION 1
#define PETSC_HAVE_OMPI_RELEASE_VERSION 1
#define PETSC_HAVE_PACKAGES ":blaslapack:hypre:mathlib:mpi:pthread:regex:x11:"
#define PETSC_HAVE_POPEN 1
#define PETSC_HAVE_PTHREAD 1
#define PETSC_HAVE_PTHREAD_BARRIER_T 1
#define PETSC_HAVE_PTHREAD_H 1
#define PETSC_HAVE_PWD_H 1
#define PETSC_HAVE_RAND 1
#define PETSC_HAVE_READLINK 1
#define PETSC_HAVE_REALPATH 1
#define PETSC_HAVE_REAL___FLOAT128 1
#define PETSC_HAVE_REGEX 1
#define PETSC_HAVE_RTLD_GLOBAL 1
#define PETSC_HAVE_RTLD_LAZY 1
#define PETSC_HAVE_RTLD_LOCAL 1
#define PETSC_HAVE_RTLD_NOW 1
#define PETSC_HAVE_SCHED_CPU_SET_T 1
#define PETSC_HAVE_SETJMP_H 1
#define PETSC_HAVE_SLEEP 1
#define PETSC_HAVE_SNPRINTF 1
#define PETSC_HAVE_SOCKET 1
#define PETSC_HAVE_SO_REUSEADDR 1
#define PETSC_HAVE_STDINT_H 1
#define PETSC_HAVE_STRCASECMP 1
#define PETSC_HAVE_STRINGS_H 1
#define PETSC_HAVE_STRUCT_SIGACTION 1
#define PETSC_HAVE_SYSINFO 1
#define PETSC_HAVE_SYS_PARAM_H 1
#define PETSC_HAVE_SYS_PROCFS_H 1
#define PETSC_HAVE_SYS_RESOURCE_H 1
#define PETSC_HAVE_SYS_SOCKET_H 1
#define PETSC_HAVE_SYS_SYSINFO_H 1
#define PETSC_HAVE_SYS_TIMES_H 1
#define PETSC_HAVE_SYS_TIME_H 1
#define PETSC_HAVE_SYS_TYPES_H 1
#define PETSC_HAVE_SYS_UTSNAME_H 1
#define PETSC_HAVE_SYS_WAIT_H 1
#define PETSC_HAVE_TGAMMA 1
#define PETSC_HAVE_TIME 1
#define PETSC_HAVE_TIME_H 1
#define PETSC_HAVE_UNAME 1
#define PETSC_HAVE_UNISTD_H 1
#define PETSC_HAVE_USLEEP 1
#define PETSC_HAVE_VA_COPY 1
#define PETSC_HAVE_VSNPRINTF 1
#define PETSC_HAVE_X 1
#define PETSC_HAVE_XMMINTRIN_H 1
#define PETSC_IS_COLORING_MAX USHRT_MAX
#define PETSC_IS_COLORING_VALUE_TYPE short
#define PETSC_IS_COLORING_VALUE_TYPE_F integer2
#define PETSC_LEVEL1_DCACHE_LINESIZE 64
#define PETSC_LIB_DIR "/ssd_scratch/petsc-bout/petsc-build/lib"
#define PETSC_MAX_PATH_LEN 4096
#define PETSC_MEMALIGN 16
#define PETSC_MPICC_SHOW "gcc -I/opt/york/easybuild/generic_arch/software/OpenMPI/4.1.1-GCC-10.3.0/include -L/opt/york/easybuild/generic_arch/software/hwloc/2.4.1-GCCcore-10.3.0/lib -L/opt/york/easybuild/generic_arch/software/libevent/2.1.12-GCCcore-10.3.0/lib64 -Wl,-rpath -Wl,/opt/york/easybuild/generic_arch/software/hwloc/2.4.1-GCCcore-10.3.0/lib -Wl,-rpath -Wl,/opt/york/easybuild/generic_arch/software/libevent/2.1.12-GCCcore-10.3.0/lib64 -Wl,-rpath -Wl,/opt/york/easybuild/generic_arch/software/OpenMPI/4.1.1-GCC-10.3.0/lib -Wl,--enable-new-dtags -L/opt/york/easybuild/generic_arch/software/OpenMPI/4.1.1-GCC-10.3.0/lib -lmpi"
#define PETSC_MPIU_IS_COLORING_VALUE_TYPE MPI_UNSIGNED_SHORT
#define PETSC_PREFETCH_HINT_NTA _MM_HINT_NTA
#define PETSC_PREFETCH_HINT_T0 _MM_HINT_T0
#define PETSC_PREFETCH_HINT_T1 _MM_HINT_T1
#define PETSC_PREFETCH_HINT_T2 _MM_HINT_T2
#define PETSC_PYTHON_EXE "/ssd_scratch/scripts/.venv/bin/python3"
#define PETSC_Prefetch(a,b,c) _mm_prefetch((const char*)(a),(c))
#define PETSC_REPLACE_DIR_SEPARATOR '\\'
#define PETSC_SIGNAL_CAST  
#define PETSC_SIZEOF_ENUM 4
#define PETSC_SIZEOF_INT 4
#define PETSC_SIZEOF_LONG 8
#define PETSC_SIZEOF_LONG_LONG 8
#define PETSC_SIZEOF_SHORT 2
#define PETSC_SIZEOF_SIZE_T 8
#define PETSC_SIZEOF_VOID_P 8
#define PETSC_SLSUFFIX "so"
#define PETSC_UINTPTR_T uintptr_t
#define PETSC_UNUSED __attribute((unused))
#define PETSC_USE_AVX512_KERNELS 1
#define PETSC_USE_BACKWARD_LOOP 1
#define PETSC_USE_CTABLE 1
#define PETSC_USE_DEBUGGER "gdb"
#define PETSC_USE_INFO 1
#define PETSC_USE_ISATTY 1
#define PETSC_USE_LOG 1
#define PETSC_USE_MALLOC_COALESCED 1
#define PETSC_USE_PROC_FOR_SIZE 1
#define PETSC_USE_REAL_DOUBLE 1
#define PETSC_USE_SHARED_LIBRARIES 1
#define PETSC_USE_SINGLE_LIBRARY 1
#define PETSC_USE_SOCKET_VIEWER 1
#define PETSC_USE_VISIBILITY_C 1
#define PETSC_USE_VISIBILITY_CXX 1
#define PETSC_USING_64BIT_PTR 1
#define PETSC_USING_F2003 1
#define PETSC_USING_F90FREEFORM 1
#define PETSC__BSD_SOURCE 1
#define PETSC__DEFAULT_SOURCE 1
#define PETSC__GNU_SOURCE 1
-----------------------------------------
Using C compile: mpicc -o .o -c -fPIC -Wall -Wwrite-strings -Wno-unknown-pragmas -Wno-lto-type-mismatch -fstack-protector -fvisibility=hidden -O3    
mpicc -show: gcc -I/opt/york/easybuild/generic_arch/software/OpenMPI/4.1.1-GCC-10.3.0/include -L/opt/york/easybuild/generic_arch/software/hwloc/2.4.1-GCCcore-10.3.0/lib -L/opt/york/easybuild/generic_arch/software/libevent/2.1.12-GCCcore-10.3.0/lib64 -Wl,-rpath -Wl,/opt/york/easybuild/generic_arch/software/hwloc/2.4.1-GCCcore-10.3.0/lib -Wl,-rpath -Wl,/opt/york/easybuild/generic_arch/software/libevent/2.1.12-GCCcore-10.3.0/lib64 -Wl,-rpath -Wl,/opt/york/easybuild/generic_arch/software/OpenMPI/4.1.1-GCC-10.3.0/lib -Wl,--enable-new-dtags -L/opt/york/easybuild/generic_arch/software/OpenMPI/4.1.1-GCC-10.3.0/lib -lmpi
C compiler version: gcc (Ubuntu 9.4.0-1ubuntu1~20.04.2) 9.4.0
Using C++ compile: mpicxx -o .o -c -Wall -Wwrite-strings -Wno-strict-aliasing -Wno-unknown-pragmas -Wno-lto-type-mismatch -fstack-protector -fvisibility=hidden -O3  -std=gnu++17 -fPIC   -I/ssd_scratch/petsc-bout/petsc-3.17.4/include -I/ssd_scratch/petsc-bout/petsc-3.17.4/arch-linux-c-opt/include -I/ssd_scratch/petsc-bout/petsc-build/include   
mpicxx -show: g++ -I/opt/york/easybuild/generic_arch/software/OpenMPI/4.1.1-GCC-10.3.0/include -L/opt/york/easybuild/generic_arch/software/hwloc/2.4.1-GCCcore-10.3.0/lib -L/opt/york/easybuild/generic_arch/software/libevent/2.1.12-GCCcore-10.3.0/lib64 -Wl,-rpath -Wl,/opt/york/easybuild/generic_arch/software/hwloc/2.4.1-GCCcore-10.3.0/lib -Wl,-rpath -Wl,/opt/york/easybuild/generic_arch/software/libevent/2.1.12-GCCcore-10.3.0/lib64 -Wl,-rpath -Wl,/opt/york/easybuild/generic_arch/software/OpenMPI/4.1.1-GCC-10.3.0/lib -Wl,--enable-new-dtags -L/opt/york/easybuild/generic_arch/software/OpenMPI/4.1.1-GCC-10.3.0/lib -lmpi
C++ compiler version: g++ (Ubuntu 9.4.0-1ubuntu1~20.04.2) 9.4.0
Using Fortran compile: mpif90 -o .o -c -fPIC -Wall -ffree-line-length-0 -Wno-lto-type-mismatch -Wno-unused-dummy-argument -O3    -I/ssd_scratch/petsc-bout/petsc-3.17.4/include -I/ssd_scratch/petsc-bout/petsc-3.17.4/arch-linux-c-opt/include -I/ssd_scratch/petsc-bout/petsc-build/include   
mpif90 -show: gfortran -I/opt/york/easybuild/generic_arch/software/OpenMPI/4.1.1-GCC-10.3.0/include -I/opt/york/easybuild/generic_arch/software/OpenMPI/4.1.1-GCC-10.3.0/lib -L/opt/york/easybuild/generic_arch/software/hwloc/2.4.1-GCCcore-10.3.0/lib -L/opt/york/easybuild/generic_arch/software/libevent/2.1.12-GCCcore-10.3.0/lib64 -Wl,-rpath -Wl,/opt/york/easybuild/generic_arch/software/hwloc/2.4.1-GCCcore-10.3.0/lib -Wl,-rpath -Wl,/opt/york/easybuild/generic_arch/software/libevent/2.1.12-GCCcore-10.3.0/lib64 -Wl,-rpath -Wl,/opt/york/easybuild/generic_arch/software/OpenMPI/4.1.1-GCC-10.3.0/lib -Wl,--enable-new-dtags -L/opt/york/easybuild/generic_arch/software/OpenMPI/4.1.1-GCC-10.3.0/lib -lmpi_usempif08 -lmpi_usempi_ignore_tkr -lmpi_mpifh -lmpi
Fortran compiler version: GNU Fortran (Ubuntu 9.4.0-1ubuntu1~20.04.2) 9.4.0
-----------------------------------------
Using C/C++ linker: mpicc
Using C/C++ flags: -fPIC -Wall -Wwrite-strings -Wno-unknown-pragmas -Wno-lto-type-mismatch -fstack-protector -fvisibility=hidden -O3
Using Fortran linker: mpif90
Using Fortran flags: -fPIC -Wall -ffree-line-length-0 -Wno-lto-type-mismatch -Wno-unused-dummy-argument -O3 
-----------------------------------------
Using system modules: compiler/GCCcore/10.3.0:lib/zlib/1.2.11-GCCcore-10.3.0:tools/binutils/2.36.1-GCCcore-10.3.0:compiler/GCC/10.3.0:tools/numactl/2.0.14-GCCcore-10.3.0:tools/XZ/5.2.5-GCCcore-10.3.0:lib/libxml2/2.9.10-GCCcore-10.3.0:system/libpciaccess/0.16-GCCcore-10.3.0:system/hwloc/2.4.1-GCCcore-10.3.0:system/OpenSSL/1.1:lib/libevent/2.1.12-GCCcore-10.3.0:lib/UCX/1.10.0-GCCcore-10.3.0:lib/libfabric/1.12.1-GCCcore-10.3.0:lib/PMIx/3.2.3-GCCcore-10.3.0:mpi/OpenMPI/4.1.1-GCC-10.3.0:devel/ncurses/6.2-GCCcore-10.3.0:tools/bzip2/1.0.8-GCCcore-10.3.0:tools/cURL/7.76.0-GCCcore-10.3.0:tools/libarchive/3.5.1-GCCcore-10.3.0:devel/CMake/3.20.1-GCCcore-10.3.0:numlib/OpenBLAS/0.3.15-GCC-10.3.0:toolchain/gompi/2021a:tools/Szip/2.1.1-GCCcore-10.3.0:data/HDF5/1.10.7-gompi-2021a:data/netCDF/4.8.0-gompi-2021a:lib/libreadline/8.1-GCCcore-10.3.0:lang/Tcl/8.6.11-GCCcore-10.3.0:devel/SQLite/3.35.4-GCCcore-10.3.0:math/GMP/6.2.1-GCCcore-10.3.0:lib/libffi/3.3-GCCcore-10.3.0:lang/Python/3.9.5-GCCcore-10.3.0:lib/FlexiBLAS/3.0.4-GCC-10.3.0:numlib/FFTW/3.3.9-gompi-2021a:numlib/ScaLAPACK/2.1.0-gompi-2021a-fb:toolchain/foss/2021a:lib/pybind11/2.6.2-GCCcore-10.3.0:lang/SciPy-bundle/2021.05-foss-2021a
Using mpi.h: # 1 "/opt/york/easybuild/generic_arch/software/OpenMPI/4.1.1-GCC-10.3.0/include/mpi.h" 1
-----------------------------------------
Using libraries: -Wl,-rpath,/ssd_scratch/petsc-bout/petsc-3.17.4/arch-linux-c-opt/lib -L/ssd_scratch/petsc-bout/petsc-3.17.4/arch-linux-c-opt/lib -Wl,-rpath,/ssd_scratch/petsc-bout/petsc-build/lib -L/ssd_scratch/petsc-bout/petsc-build/lib -Wl,-rpath,/opt/york/easybuild/generic_arch/software/hwloc/2.4.1-GCCcore-10.3.0/lib -L/opt/york/easybuild/generic_arch/software/hwloc/2.4.1-GCCcore-10.3.0/lib -Wl,-rpath,/opt/york/easybuild/generic_arch/software/libevent/2.1.12-GCCcore-10.3.0/lib64 -L/opt/york/easybuild/generic_arch/software/libevent/2.1.12-GCCcore-10.3.0/lib64 -Wl,-rpath,/opt/york/easybuild/generic_arch/software/OpenMPI/4.1.1-GCC-10.3.0/lib -L/opt/york/easybuild/generic_arch/software/OpenMPI/4.1.1-GCC-10.3.0/lib -Wl,-rpath,/opt/york/easybuild/generic_arch/software/SciPy-bundle/2021.05-foss-2021a/lib/python3.9/site-packages/numpy/core/lib -L/opt/york/easybuild/generic_arch/software/SciPy-bundle/2021.05-foss-2021a/lib/python3.9/site-packages/numpy/core/lib -Wl,-rpath,/opt/york/easybuild/generic_arch/software/SciPy-bundle/2021.05-foss-2021a/lib -L/opt/york/easybuild/generic_arch/software/SciPy-bundle/2021.05-foss-2021a/lib -Wl,-rpath,/opt/york/easybuild/generic_arch/software/ScaLAPACK/2.1.0-gompi-2021a-fb/lib -L/opt/york/easybuild/generic_arch/software/ScaLAPACK/2.1.0-gompi-2021a-fb/lib -Wl,-rpath,/opt/york/easybuild/generic_arch/software/FFTW/3.3.9-gompi-2021a/lib -L/opt/york/easybuild/generic_arch/software/FFTW/3.3.9-gompi-2021a/lib -Wl,-rpath,/opt/york/easybuild/generic_arch/software/FlexiBLAS/3.0.4-GCC-10.3.0/lib -L/opt/york/easybuild/generic_arch/software/FlexiBLAS/3.0.4-GCC-10.3.0/lib -Wl,-rpath,/opt/york/easybuild/generic_arch/software/Python/3.9.5-GCCcore-10.3.0/lib -L/opt/york/easybuild/generic_arch/software/Python/3.9.5-GCCcore-10.3.0/lib -Wl,-rpath,/opt/york/easybuild/generic_arch/software/libffi/3.3-GCCcore-10.3.0/lib -L/opt/york/easybuild/generic_arch/software/libffi/3.3-GCCcore-10.3.0/lib -Wl,-rpath,/opt/york/easybuild/generic_arch/software/GMP/6.2.1-GCCcore-10.3.0/lib -L/opt/york/easybuild/generic_arch/software/GMP/6.2.1-GCCcore-10.3.0/lib -Wl,-rpath,/opt/york/easybuild/generic_arch/software/SQLite/3.35.4-GCCcore-10.3.0/lib -L/opt/york/easybuild/generic_arch/software/SQLite/3.35.4-GCCcore-10.3.0/lib -Wl,-rpath,/opt/york/easybuild/generic_arch/software/Tcl/8.6.11-GCCcore-10.3.0/lib -L/opt/york/easybuild/generic_arch/software/Tcl/8.6.11-GCCcore-10.3.0/lib -Wl,-rpath,/opt/york/easybuild/generic_arch/software/libreadline/8.1-GCCcore-10.3.0/lib -L/opt/york/easybuild/generic_arch/software/libreadline/8.1-GCCcore-10.3.0/lib -Wl,-rpath,/opt/york/easybuild/generic_arch/software/netCDF/4.8.0-gompi-2021a/lib -L/opt/york/easybuild/generic_arch/software/netCDF/4.8.0-gompi-2021a/lib -Wl,-rpath,/opt/york/easybuild/generic_arch/software/HDF5/1.10.7-gompi-2021a/lib -L/opt/york/easybuild/generic_arch/software/HDF5/1.10.7-gompi-2021a/lib -Wl,-rpath,/opt/york/easybuild/generic_arch/software/Szip/2.1.1-GCCcore-10.3.0/lib -L/opt/york/easybuild/generic_arch/software/Szip/2.1.1-GCCcore-10.3.0/lib -Wl,-rpath,/opt/york/easybuild/generic_arch/software/OpenBLAS/0.3.15-GCC-10.3.0/lib -L/opt/york/easybuild/generic_arch/software/OpenBLAS/0.3.15-GCC-10.3.0/lib -Wl,-rpath,/opt/york/easybuild/generic_arch/software/libarchive/3.5.1-GCCcore-10.3.0/lib -L/opt/york/easybuild/generic_arch/software/libarchive/3.5.1-GCCcore-10.3.0/lib -Wl,-rpath,/opt/york/easybuild/generic_arch/software/cURL/7.76.0-GCCcore-10.3.0/lib -L/opt/york/easybuild/generic_arch/software/cURL/7.76.0-GCCcore-10.3.0/lib -Wl,-rpath,/opt/york/easybuild/generic_arch/software/bzip2/1.0.8-GCCcore-10.3.0/lib -L/opt/york/easybuild/generic_arch/software/bzip2/1.0.8-GCCcore-10.3.0/lib -Wl,-rpath,/opt/york/easybuild/generic_arch/software/ncurses/6.2-GCCcore-10.3.0/lib -L/opt/york/easybuild/generic_arch/software/ncurses/6.2-GCCcore-10.3.0/lib -Wl,-rpath,/opt/york/easybuild/generic_arch/software/PMIx/3.2.3-GCCcore-10.3.0/lib -L/opt/york/easybuild/generic_arch/software/PMIx/3.2.3-GCCcore-10.3.0/lib -Wl,-rpath,/opt/york/easybuild/generic_arch/software/libfabric/1.12.1-GCCcore-10.3.0/lib -L/opt/york/easybuild/generic_arch/software/libfabric/1.12.1-GCCcore-10.3.0/lib -Wl,-rpath,/opt/york/easybuild/generic_arch/software/UCX/1.10.0-GCCcore-10.3.0/lib -L/opt/york/easybuild/generic_arch/software/UCX/1.10.0-GCCcore-10.3.0/lib -Wl,-rpath,/opt/york/easybuild/generic_arch/software/libevent/2.1.12-GCCcore-10.3.0/lib -L/opt/york/easybuild/generic_arch/software/libevent/2.1.12-GCCcore-10.3.0/lib -Wl,-rpath,/opt/york/easybuild/generic_arch/software/OpenSSL/1.1/lib -L/opt/york/easybuild/generic_arch/software/OpenSSL/1.1/lib -Wl,-rpath,/opt/york/easybuild/generic_arch/software/libpciaccess/0.16-GCCcore-10.3.0/lib -L/opt/york/easybuild/generic_arch/software/libpciaccess/0.16-GCCcore-10.3.0/lib -Wl,-rpath,/opt/york/easybuild/generic_arch/software/libxml2/2.9.10-GCCcore-10.3.0/lib -L/opt/york/easybuild/generic_arch/software/libxml2/2.9.10-GCCcore-10.3.0/lib -Wl,-rpath,/opt/york/easybuild/generic_arch/software/XZ/5.2.5-GCCcore-10.3.0/lib -L/opt/york/easybuild/generic_arch/software/XZ/5.2.5-GCCcore-10.3.0/lib -Wl,-rpath,/opt/york/easybuild/generic_arch/software/numactl/2.0.14-GCCcore-10.3.0/lib -L/opt/york/easybuild/generic_arch/software/numactl/2.0.14-GCCcore-10.3.0/lib -Wl,-rpath,/opt/york/easybuild/generic_arch/software/binutils/2.36.1-GCCcore-10.3.0/lib -L/opt/york/easybuild/generic_arch/software/binutils/2.36.1-GCCcore-10.3.0/lib -Wl,-rpath,/opt/york/easybuild/generic_arch/software/zlib/1.2.11-GCCcore-10.3.0/lib -L/opt/york/easybuild/generic_arch/software/zlib/1.2.11-GCCcore-10.3.0/lib -Wl,-rpath,/usr/lib/gcc/x86_64-linux-gnu/9 -L/usr/lib/gcc/x86_64-linux-gnu/9 -Wl,-rpath,/opt/york/easybuild/generic_arch/software/libffi/3.3-GCCcore-10.3.0/lib64 -L/opt/york/easybuild/generic_arch/software/libffi/3.3-GCCcore-10.3.0/lib64 -lpetsc -lHYPRE -lflexiblas -lpthread -lm -lX11 -lstdc++ -ldl -lmpi_usempif08 -lmpi_usempi_ignore_tkr -lmpi_mpifh -lmpi -lgfortran -lm -lgfortran -lm -lgcc_s -lquadmath -lstdc++ -ldl
------------------------------------------
Using mpiexec: /usr/bin/mpiexec --oversubscribe
------------------------------------------
Using MAKE: /usr/bin/make
Using MAKEFLAGS: -j18 -l36.0  -j4 --jobserver-auth=6,7 --no-print-directory -- PETSC_ARCH=arch-linux-c-opt PETSC_DIR=/ssd_scratch/petsc-bout/petsc-3.17.4
==========================================
          FC arch-linux-c-opt/obj/sys/fsrc/somefort.o
          FC arch-linux-c-opt/obj/sys/f90-src/fsrc/f90_fwrap.o
         CXX arch-linux-c-opt/obj/sys/dll/cxx/demangle.o
          FC arch-linux-c-opt/obj/sys/f90-mod/petscsysmod.o
         CXX arch-linux-c-opt/obj/sys/objects/device/interface/devicereg.o
         CXX arch-linux-c-opt/obj/sys/objects/device/interface/dcontext.o
          CC arch-linux-c-opt/obj/sys/error/adebug.o
         CXX arch-linux-c-opt/obj/sys/objects/device/interface/device.o
          CC arch-linux-c-opt/obj/sys/error/errabort.o
          CC arch-linux-c-opt/obj/sys/error/errtrace.o
          CC arch-linux-c-opt/obj/sys/error/errstop.o
          CC arch-linux-c-opt/obj/sys/error/pstack.o
          CC arch-linux-c-opt/obj/sys/error/fp.o
          CC arch-linux-c-opt/obj/sys/error/signal.o
          CC arch-linux-c-opt/obj/sys/error/err.o
          CC arch-linux-c-opt/obj/sys/error/checkptr.o
          CC arch-linux-c-opt/obj/sys/error/ftn-auto/adebugf.o
          CC arch-linux-c-opt/obj/sys/error/ftn-custom/zerrf.o
          CC arch-linux-c-opt/obj/sys/error/ftn-auto/checkptrf.o
          CC arch-linux-c-opt/obj/sys/error/ftn-auto/errf.o
          CC arch-linux-c-opt/obj/sys/error/ftn-auto/signalf.o
          CC arch-linux-c-opt/obj/sys/time/cputime.o
          CC arch-linux-c-opt/obj/sys/error/ftn-auto/fpf.o
          CC arch-linux-c-opt/obj/sys/time/fdate.o
          CC arch-linux-c-opt/obj/sys/time/ftn-custom/zptimef.o
          CC arch-linux-c-opt/obj/sys/time/ftn-auto/cputimef.o
          CC arch-linux-c-opt/obj/sys/fileio/ftest.o
          CC arch-linux-c-opt/obj/sys/fileio/ghome.o
          CC arch-linux-c-opt/obj/sys/fileio/rpath.o
          CC arch-linux-c-opt/obj/sys/fileio/mpiuopen.o
          CC arch-linux-c-opt/obj/sys/fileio/fpath.o
          CC arch-linux-c-opt/obj/sys/fileio/fwd.o
          CC arch-linux-c-opt/obj/sys/fileio/grpath.o
          CC arch-linux-c-opt/obj/sys/fileio/smatlab.o
          CC arch-linux-c-opt/obj/sys/fileio/fretrieve.o
          CC arch-linux-c-opt/obj/sys/fileio/mprint.o
          CC arch-linux-c-opt/obj/sys/fileio/fdir.o
          CC arch-linux-c-opt/obj/sys/fileio/ftn-custom/zghomef.o
          CC arch-linux-c-opt/obj/sys/fileio/ftn-custom/zmpiuopenf.o
          CC arch-linux-c-opt/obj/sys/fileio/ftn-custom/zmprintf.o
          CC arch-linux-c-opt/obj/sys/fileio/sysio.o
          CC arch-linux-c-opt/obj/sys/fileio/ftn-auto/sysiof.o
          CC arch-linux-c-opt/obj/sys/fileio/ftn-custom/zsysiof.o
          CC arch-linux-c-opt/obj/sys/dll/dlimpl.o
          CC arch-linux-c-opt/obj/sys/f90-src/f90_cwrap.o
          CC arch-linux-c-opt/obj/sys/dll/ftn-auto/regf.o
          CC arch-linux-c-opt/obj/sys/dll/reg.o
          CC arch-linux-c-opt/obj/sys/totalview/tv_data_display.o
          CC arch-linux-c-opt/obj/sys/dll/dl.o
          CC arch-linux-c-opt/obj/sys/info/ftn-auto/verboseinfof.o
          CC arch-linux-c-opt/obj/sys/objects/version.o
          CC arch-linux-c-opt/obj/sys/info/ftn-custom/zverboseinfof.o
          CC arch-linux-c-opt/obj/sys/info/verboseinfo.o
          CC arch-linux-c-opt/obj/sys/objects/gtype.o
          CC arch-linux-c-opt/obj/sys/objects/gcomm.o
          CC arch-linux-c-opt/obj/sys/objects/olist.o
          CC arch-linux-c-opt/obj/sys/objects/pname.o
          CC arch-linux-c-opt/obj/sys/objects/gcookie.o
          CC arch-linux-c-opt/obj/sys/objects/destroy.o
          CC arch-linux-c-opt/obj/sys/objects/tagm.o
          CC arch-linux-c-opt/obj/sys/objects/pgname.o
          CC arch-linux-c-opt/obj/sys/objects/inherit.o
          CC arch-linux-c-opt/obj/sys/objects/prefix.o
          CC arch-linux-c-opt/obj/sys/objects/init.o
          CC arch-linux-c-opt/obj/sys/objects/pinit.o
          CC arch-linux-c-opt/obj/sys/objects/ptype.o
          CC arch-linux-c-opt/obj/sys/objects/state.o
          CC arch-linux-c-opt/obj/sys/objects/options.o
          CC arch-linux-c-opt/obj/sys/objects/fcallback.o
          CC arch-linux-c-opt/obj/sys/objects/subcomm.o
          CC arch-linux-c-opt/obj/sys/objects/package.o
          CC arch-linux-c-opt/obj/sys/objects/ftn-custom/zgcommf.o
          CC arch-linux-c-opt/obj/sys/objects/aoptions.o
          CC arch-linux-c-opt/obj/sys/objects/ftn-custom/zgtype.o
          CC arch-linux-c-opt/obj/sys/objects/ftn-custom/zoptionsyamlf.o
          CC arch-linux-c-opt/obj/sys/objects/ftn-custom/zpgnamef.o
          CC arch-linux-c-opt/obj/sys/objects/ftn-custom/zpnamef.o
          CC arch-linux-c-opt/obj/sys/objects/ftn-custom/zoptionsf.o
          CC arch-linux-c-opt/obj/sys/objects/ftn-custom/zprefixf.o
          CC arch-linux-c-opt/obj/sys/objects/ftn-custom/zdestroyf.o
          CC arch-linux-c-opt/obj/sys/objects/ftn-custom/zstartf.o
          CC arch-linux-c-opt/obj/sys/objects/ftn-custom/zstart.o
          CC arch-linux-c-opt/obj/sys/objects/ftn-custom/zversionf.o
          CC arch-linux-c-opt/obj/sys/objects/ftn-custom/zinheritf.o
          CC arch-linux-c-opt/obj/sys/objects/ftn-custom/zptypef.o
          CC arch-linux-c-opt/obj/sys/objects/ftn-custom/zpackage.o
          CC arch-linux-c-opt/obj/sys/objects/ftn-auto/destroyf.o
          CC arch-linux-c-opt/obj/sys/objects/ftn-auto/gcommf.o
          CC arch-linux-c-opt/obj/sys/objects/ftn-auto/gcookief.o
          CC arch-linux-c-opt/obj/sys/objects/optionsyaml.o
          CC arch-linux-c-opt/obj/sys/objects/ftn-auto/inheritf.o
          CC arch-linux-c-opt/obj/sys/objects/ftn-auto/optionsf.o
          CC arch-linux-c-opt/obj/sys/objects/ftn-auto/pinitf.o
          CC arch-linux-c-opt/obj/sys/objects/ftn-auto/statef.o
          CC arch-linux-c-opt/obj/sys/objects/ftn-auto/subcommf.o
          CC arch-linux-c-opt/obj/sys/objects/ftn-auto/tagmf.o
          CC arch-linux-c-opt/obj/sys/classes/draw/interface/dcoor.o
          CC arch-linux-c-opt/obj/sys/classes/draw/interface/dpoint.o
          CC arch-linux-c-opt/obj/sys/classes/draw/interface/dtext.o
          CC arch-linux-c-opt/obj/sys/classes/draw/interface/draw.o
          CC arch-linux-c-opt/obj/sys/classes/draw/interface/dmarker.o
          CC arch-linux-c-opt/obj/sys/classes/draw/interface/dflush.o
          CC arch-linux-c-opt/obj/sys/classes/draw/interface/dpause.o
          CC arch-linux-c-opt/obj/sys/classes/draw/interface/dline.o
          CC arch-linux-c-opt/obj/sys/classes/draw/interface/dmouse.o
          CC arch-linux-c-opt/obj/sys/classes/draw/interface/dsave.o
          CC arch-linux-c-opt/obj/sys/classes/draw/interface/dclear.o
          CC arch-linux-c-opt/obj/sys/classes/draw/interface/dellipse.o
          CC arch-linux-c-opt/obj/sys/classes/draw/interface/drect.o
          CC arch-linux-c-opt/obj/sys/classes/draw/interface/dviewp.o
          CC arch-linux-c-opt/obj/sys/classes/draw/interface/dtri.o
          CC arch-linux-c-opt/obj/sys/classes/draw/interface/drawregall.o
          CC arch-linux-c-opt/obj/sys/classes/draw/interface/ftn-custom/zdrawf.o
          CC arch-linux-c-opt/obj/sys/classes/draw/interface/drawreg.o
          CC arch-linux-c-opt/obj/sys/classes/draw/interface/ftn-custom/zdrawregf.o
          CC arch-linux-c-opt/obj/sys/classes/draw/interface/ftn-custom/zdtextf.o
          CC arch-linux-c-opt/obj/sys/classes/draw/interface/ftn-custom/zdtrif.o
          CC arch-linux-c-opt/obj/sys/classes/draw/interface/ftn-auto/dclearf.o
          CC arch-linux-c-opt/obj/sys/classes/draw/interface/ftn-auto/dcoorf.o
          CC arch-linux-c-opt/obj/sys/classes/draw/interface/ftn-auto/dellipsef.o
          CC arch-linux-c-opt/obj/sys/classes/draw/interface/ftn-auto/dflushf.o
          CC arch-linux-c-opt/obj/sys/classes/draw/interface/ftn-auto/dlinef.o
          CC arch-linux-c-opt/obj/sys/classes/draw/interface/ftn-auto/dmarkerf.o
          CC arch-linux-c-opt/obj/sys/classes/draw/interface/ftn-auto/dmousef.o
          CC arch-linux-c-opt/obj/sys/classes/draw/interface/ftn-auto/dpausef.o
          CC arch-linux-c-opt/obj/sys/classes/draw/interface/ftn-auto/dpointf.o
          CC arch-linux-c-opt/obj/sys/classes/draw/interface/ftn-auto/drawregf.o
          CC arch-linux-c-opt/obj/sys/classes/draw/interface/ftn-auto/drawf.o
          CC arch-linux-c-opt/obj/sys/classes/draw/interface/ftn-auto/drectf.o
          CC arch-linux-c-opt/obj/sys/classes/draw/interface/ftn-auto/dsavef.o
          CC arch-linux-c-opt/obj/sys/classes/draw/interface/ftn-auto/dtextf.o
          CC arch-linux-c-opt/obj/sys/classes/draw/interface/ftn-auto/dtrif.o
          CC arch-linux-c-opt/obj/sys/classes/draw/interface/ftn-auto/dviewpf.o
          CC arch-linux-c-opt/obj/sys/classes/draw/impls/x/xinit.o
          CC arch-linux-c-opt/obj/sys/classes/draw/impls/x/xcolor.o
          CC arch-linux-c-opt/obj/sys/classes/draw/impls/x/xioerr.o
          CC arch-linux-c-opt/obj/sys/classes/draw/impls/x/xtext.o
          CC arch-linux-c-opt/obj/sys/classes/draw/impls/x/xtone.o
          CC arch-linux-c-opt/obj/sys/classes/draw/impls/x/ximage.o
          CC arch-linux-c-opt/obj/sys/classes/draw/impls/x/drawopenx.o
          CC arch-linux-c-opt/obj/sys/classes/draw/impls/x/ftn-custom/zdrawopenxf.o
          CC arch-linux-c-opt/obj/sys/classes/draw/impls/x/xops.o
          CC arch-linux-c-opt/obj/sys/classes/draw/impls/null/drawnull.o
          CC arch-linux-c-opt/obj/sys/classes/draw/impls/tikz/tikz.o
          CC arch-linux-c-opt/obj/sys/classes/draw/impls/null/ftn-auto/drawnullf.o
          CC arch-linux-c-opt/obj/sys/classes/draw/utils/axis.o
          CC arch-linux-c-opt/obj/sys/classes/draw/impls/image/drawimage.o
          CC arch-linux-c-opt/obj/sys/classes/draw/utils/lg.o
          CC arch-linux-c-opt/obj/sys/classes/draw/utils/zoom.o
          CC arch-linux-c-opt/obj/sys/classes/draw/utils/dscatter.o
          CC arch-linux-c-opt/obj/sys/classes/draw/utils/cmap.o
          CC arch-linux-c-opt/obj/sys/classes/draw/utils/hists.o
          CC arch-linux-c-opt/obj/sys/classes/draw/utils/image.o
          CC arch-linux-c-opt/obj/sys/classes/draw/utils/bars.o
          CC arch-linux-c-opt/obj/sys/classes/draw/utils/axisc.o
          CC arch-linux-c-opt/obj/sys/classes/draw/utils/lgc.o
          CC arch-linux-c-opt/obj/sys/classes/draw/utils/ftn-custom/zaxisf.o
          CC arch-linux-c-opt/obj/sys/classes/draw/utils/ftn-custom/zlgcf.o
          CC arch-linux-c-opt/obj/sys/classes/draw/utils/ftn-custom/zzoomf.o
          CC arch-linux-c-opt/obj/sys/classes/draw/utils/ftn-auto/axiscf.o
          CC arch-linux-c-opt/obj/sys/classes/draw/utils/ftn-auto/barsf.o
          CC arch-linux-c-opt/obj/sys/classes/draw/utils/ftn-auto/dscatterf.o
          CC arch-linux-c-opt/obj/sys/classes/draw/utils/ftn-auto/histsf.o
          CC arch-linux-c-opt/obj/sys/classes/draw/utils/ftn-auto/lgf.o
          CC arch-linux-c-opt/obj/sys/classes/draw/utils/ftn-auto/lgcf.o
          CC arch-linux-c-opt/obj/sys/classes/bag/ftn-custom/zbagf.o
          CC arch-linux-c-opt/obj/sys/classes/bag/ftn-auto/bagf.o
          CC arch-linux-c-opt/obj/sys/classes/random/interface/random.o
          CC arch-linux-c-opt/obj/sys/classes/bag/f90-custom/zbagf90.o
          CC arch-linux-c-opt/obj/sys/classes/random/interface/randreg.o
          CC arch-linux-c-opt/obj/sys/classes/random/interface/dlregisrand.o
          CC arch-linux-c-opt/obj/sys/classes/bag/bag.o
          CC arch-linux-c-opt/obj/sys/classes/random/interface/randomc.o
          CC arch-linux-c-opt/obj/sys/classes/random/interface/ftn-custom/zrandomf.o
          CC arch-linux-c-opt/obj/sys/classes/random/interface/ftn-auto/randomf.o
          CC arch-linux-c-opt/obj/sys/classes/random/interface/ftn-auto/randomcf.o
          CC arch-linux-c-opt/obj/sys/classes/random/impls/rander48/rander48.o
          CC arch-linux-c-opt/obj/sys/classes/random/impls/rand48/rand48.o
          CC arch-linux-c-opt/obj/sys/classes/random/impls/rand/rand.o
          CC arch-linux-c-opt/obj/sys/classes/viewer/interface/flush.o
          CC arch-linux-c-opt/obj/sys/classes/viewer/interface/viewregall.o
          CC arch-linux-c-opt/obj/sys/classes/viewer/interface/view.o
          CC arch-linux-c-opt/obj/sys/classes/viewer/interface/viewa.o
          CC arch-linux-c-opt/obj/sys/classes/viewer/interface/dlregispetsc.o
          CC arch-linux-c-opt/obj/sys/classes/viewer/interface/viewers.o
          CC arch-linux-c-opt/obj/sys/classes/viewer/interface/dupl.o
          CC arch-linux-c-opt/obj/sys/classes/viewer/interface/viewreg.o
          CC arch-linux-c-opt/obj/sys/classes/viewer/interface/ftn-custom/zviewasetf.o
          CC arch-linux-c-opt/obj/sys/classes/viewer/interface/ftn-custom/zviewaf.o
          CC arch-linux-c-opt/obj/sys/classes/viewer/interface/ftn-auto/flushf.o
          CC arch-linux-c-opt/obj/sys/classes/viewer/interface/ftn-auto/viewf.o
          CC arch-linux-c-opt/obj/sys/classes/viewer/interface/ftn-auto/viewregf.o
          CC arch-linux-c-opt/obj/sys/classes/viewer/impls/binary/ftn-custom/zbinvf.o
          CC arch-linux-c-opt/obj/sys/classes/viewer/impls/binary/ftn-auto/binvf.o
          CC arch-linux-c-opt/obj/sys/classes/viewer/impls/binary/f90-custom/zbinvf90.o
          CC arch-linux-c-opt/obj/sys/classes/viewer/impls/draw/ftn-custom/zdrawvf.o
          CC arch-linux-c-opt/obj/sys/classes/viewer/impls/draw/ftn-auto/drawvf.o
          CC arch-linux-c-opt/obj/sys/classes/viewer/impls/vu/petscvu.o
          CC arch-linux-c-opt/obj/sys/classes/viewer/impls/draw/drawv.o
          CC arch-linux-c-opt/obj/sys/classes/viewer/impls/binary/binv.o
          CC arch-linux-c-opt/obj/sys/classes/viewer/impls/ascii/vcreatea.o
          CC arch-linux-c-opt/obj/sys/classes/viewer/impls/ascii/ftn-custom/zfilevf.o
          CC arch-linux-c-opt/obj/sys/classes/viewer/impls/ascii/ftn-custom/zvcreatef.o
          CC arch-linux-c-opt/obj/sys/classes/viewer/impls/ascii/ftn-auto/filevf.o
          CC arch-linux-c-opt/obj/sys/classes/viewer/impls/ascii/ftn-auto/vcreateaf.o
          CC arch-linux-c-opt/obj/sys/classes/viewer/impls/ascii/filev.o
          CC arch-linux-c-opt/obj/sys/classes/viewer/impls/string/stringv.o
          CC arch-linux-c-opt/obj/sys/classes/viewer/impls/string/ftn-custom/zstringvf.o
          CC arch-linux-c-opt/obj/sys/classes/viewer/impls/glvis/ftn-auto/glvisf.o
          CC arch-linux-c-opt/obj/sys/classes/viewer/impls/vtk/ftn-custom/zvtkvf.o
          CC arch-linux-c-opt/obj/sys/classes/viewer/impls/vtk/vtkv.o
          CC arch-linux-c-opt/obj/sys/classes/viewer/impls/socket/ftn-custom/zsendf.o
          CC arch-linux-c-opt/obj/sys/classes/viewer/impls/socket/send.o
          CC arch-linux-c-opt/obj/sys/ftn-custom/zsys.o
          CC arch-linux-c-opt/obj/sys/classes/viewer/impls/glvis/glvis.o
          CC arch-linux-c-opt/obj/sys/utils/arch.o
          CC arch-linux-c-opt/obj/sys/ftn-custom/zutils.o
          CC arch-linux-c-opt/obj/sys/utils/fuser.o
          CC arch-linux-c-opt/obj/sys/utils/fhost.o
          CC arch-linux-c-opt/obj/sys/utils/memc.o
          CC arch-linux-c-opt/obj/sys/utils/mpiu.o
          CC arch-linux-c-opt/obj/sys/utils/psleep.o
          CC arch-linux-c-opt/obj/sys/utils/sortd.o
          CC arch-linux-c-opt/obj/sys/utils/sortip.o
          CC arch-linux-c-opt/obj/sys/utils/pbarrier.o
          CC arch-linux-c-opt/obj/sys/utils/str.o
          CC arch-linux-c-opt/obj/sys/utils/pdisplay.o
          CC arch-linux-c-opt/obj/sys/utils/sorti.o
          CC arch-linux-c-opt/obj/sys/utils/ctable.o
          CC arch-linux-c-opt/obj/sys/utils/psplit.o
          CC arch-linux-c-opt/obj/sys/utils/sseenabled.o
          CC arch-linux-c-opt/obj/sys/utils/mpitr.o
          CC arch-linux-c-opt/obj/sys/utils/mpilong.o
          CC arch-linux-c-opt/obj/sys/utils/mpimesg.o
          CC arch-linux-c-opt/obj/sys/utils/mathinf.o
          CC arch-linux-c-opt/obj/sys/utils/sortso.o
          CC arch-linux-c-opt/obj/sys/utils/matheq.o
          CC arch-linux-c-opt/obj/sys/utils/mathclose.o
          CC arch-linux-c-opt/obj/sys/utils/mathfit.o
          CC arch-linux-c-opt/obj/sys/utils/segbuffer.o
          CC arch-linux-c-opt/obj/sys/utils/mpishm.o
          CC arch-linux-c-opt/obj/sys/utils/ftn-custom/zarchf.o
          CC arch-linux-c-opt/obj/sys/utils/ftn-custom/zstrf.o
          CC arch-linux-c-opt/obj/sys/utils/ftn-custom/zfhostf.o
          CC arch-linux-c-opt/obj/sys/utils/ftn-custom/zsortsof.o
          CC arch-linux-c-opt/obj/sys/utils/ftn-auto/memcf.o
          CC arch-linux-c-opt/obj/sys/utils/mpits.o
          CC arch-linux-c-opt/obj/sys/utils/ftn-auto/mpitsf.o
          CC arch-linux-c-opt/obj/sys/utils/ftn-auto/mpiuf.o
          CC arch-linux-c-opt/obj/sys/utils/ftn-auto/psleepf.o
          CC arch-linux-c-opt/obj/sys/utils/ftn-auto/psplitf.o
          CC arch-linux-c-opt/obj/sys/utils/ftn-auto/sortdf.o
          CC arch-linux-c-opt/obj/sys/utils/ftn-auto/sortif.o
          CC arch-linux-c-opt/obj/sys/utils/ftn-auto/sortipf.o
          CC arch-linux-c-opt/obj/sys/utils/ftn-auto/sortsof.o
          CC arch-linux-c-opt/obj/sys/memory/mem.o
          CC arch-linux-c-opt/obj/sys/memory/mal.o
          CC arch-linux-c-opt/obj/sys/memory/mhbw.o
          CC arch-linux-c-opt/obj/sys/memory/ftn-custom/zmtrf.o
          CC arch-linux-c-opt/obj/sys/memory/ftn-auto/memf.o
          CC arch-linux-c-opt/obj/sys/memory/ftn-auto/mtrf.o
          CC arch-linux-c-opt/obj/sys/memory/mtr.o
          CC arch-linux-c-opt/obj/sys/python/ftn-custom/zpythonf.o
          CC arch-linux-c-opt/obj/sys/python/pythonsys.o
          CC arch-linux-c-opt/obj/sys/logging/xmlviewer.o
          CC arch-linux-c-opt/obj/sys/logging/ftn-custom/zplogf.o
          CC arch-linux-c-opt/obj/sys/logging/ftn-custom/zpetscloghf.o
          CC arch-linux-c-opt/obj/sys/logging/ftn-auto/xmllogeventf.o
          CC arch-linux-c-opt/obj/sys/logging/ftn-auto/plogf.o
          CC arch-linux-c-opt/obj/sys/logging/utils/classlog.o
          CC arch-linux-c-opt/obj/sys/logging/utils/stagelog.o
          CC arch-linux-c-opt/obj/sys/logging/utils/stack.o
          CC arch-linux-c-opt/obj/sys/logging/xmllogevent.o
          CC arch-linux-c-opt/obj/sys/logging/plog.o
          CC arch-linux-c-opt/obj/sys/logging/utils/eventlog.o
          CC arch-linux-c-opt/obj/vec/vec/interface/veccreate.o
          CC arch-linux-c-opt/obj/vec/vec/interface/vecreg.o
          CC arch-linux-c-opt/obj/vec/vec/interface/vecregall.o
          CC arch-linux-c-opt/obj/vec/vec/interface/vector.o
          CC arch-linux-c-opt/obj/vec/vec/interface/dlregisvec.o
          CC arch-linux-c-opt/obj/vec/vec/interface/ftn-custom/zvecregf.o
          CC arch-linux-c-opt/obj/vec/vec/interface/ftn-custom/zvectorf.o
          CC arch-linux-c-opt/obj/vec/vec/interface/ftn-auto/rvectorf.o
          CC arch-linux-c-opt/obj/vec/vec/interface/ftn-auto/veccreatef.o
          CC arch-linux-c-opt/obj/vec/vec/interface/ftn-auto/vectorf.o
          CC arch-linux-c-opt/obj/vec/vec/interface/f90-custom/zvectorf90.o
          CC arch-linux-c-opt/obj/vec/vec/impls/seq/bvec1.o
          CC arch-linux-c-opt/obj/vec/vec/interface/rvector.o
          CC arch-linux-c-opt/obj/vec/vec/impls/seq/vseqcr.o
          CC arch-linux-c-opt/obj/vec/vec/impls/seq/bvec2.o
          CC arch-linux-c-opt/obj/vec/vec/impls/seq/bvec3.o
          CC arch-linux-c-opt/obj/vec/vec/impls/seq/ftn-custom/zbvec2f.o
          CC arch-linux-c-opt/obj/vec/vec/impls/seq/ftn-auto/vseqcrf.o
          FC arch-linux-c-opt/obj/vec/f90-mod/petscvecmod.o
          CC arch-linux-c-opt/obj/vec/vec/impls/seq/dvec2.o
          CC arch-linux-c-opt/obj/vec/vec/impls/nest/ftn-custom/zvecnestf.o
          CC arch-linux-c-opt/obj/vec/vec/impls/nest/ftn-auto/vecnestf.o
          CC arch-linux-c-opt/obj/vec/vec/impls/mpi/pvec2.o
          CC arch-linux-c-opt/obj/vec/vec/impls/nest/vecnest.o
          CC arch-linux-c-opt/obj/vec/vec/impls/mpi/vmpicr.o
          CC arch-linux-c-opt/obj/vec/vec/impls/mpi/ftn-custom/zpbvecf.o
          CC arch-linux-c-opt/obj/vec/vec/impls/mpi/commonmpvec.o
          CC arch-linux-c-opt/obj/vec/vec/impls/mpi/pbvec.o
          CC arch-linux-c-opt/obj/vec/vec/impls/mpi/ftn-auto/pbvecf.o
          CC arch-linux-c-opt/obj/vec/vec/impls/mpi/pdvec.o
          CC arch-linux-c-opt/obj/vec/vec/impls/mpi/ftn-auto/commonmpvecf.o
          CC arch-linux-c-opt/obj/vec/vec/impls/mpi/ftn-auto/vmpicrf.o
          CC arch-linux-c-opt/obj/vec/vec/impls/shared/ftn-auto/shvecf.o
          CC arch-linux-c-opt/obj/vec/vec/impls/shared/shvec.o
          CC arch-linux-c-opt/obj/vec/vec/impls/hypre/vhyp.o
          CC arch-linux-c-opt/obj/vec/vec/utils/vecio.o
          CC arch-linux-c-opt/obj/vec/vec/utils/vecs.o
          CC arch-linux-c-opt/obj/vec/vec/utils/vecstash.o
          CC arch-linux-c-opt/obj/vec/vec/utils/comb.o
          CC arch-linux-c-opt/obj/vec/vec/utils/vsection.o
          CC arch-linux-c-opt/obj/vec/vec/utils/vecglvis.o
          CC arch-linux-c-opt/obj/vec/vec/utils/ftn-auto/combf.o
          CC arch-linux-c-opt/obj/vec/vec/utils/vinv.o
          CC arch-linux-c-opt/obj/vec/vec/utils/ftn-auto/projectionf.o
          CC arch-linux-c-opt/obj/vec/vec/utils/ftn-auto/veciof.o
          CC arch-linux-c-opt/obj/vec/vec/utils/ftn-auto/vinvf.o
          CC arch-linux-c-opt/obj/vec/vec/utils/ftn-auto/vsectionf.o
          CC arch-linux-c-opt/obj/vec/vec/utils/f90-custom/zvsectionf90.o
          CC arch-linux-c-opt/obj/vec/vec/utils/projection.o
          CC arch-linux-c-opt/obj/vec/vec/utils/tagger/interface/taggerregi.o
          CC arch-linux-c-opt/obj/vec/vec/utils/tagger/interface/dlregistagger.o
          CC arch-linux-c-opt/obj/vec/vec/utils/tagger/interface/ftn-auto/taggerf.o
          CC arch-linux-c-opt/obj/vec/vec/utils/tagger/interface/tagger.o
          CC arch-linux-c-opt/obj/vec/vec/utils/tagger/impls/absolute.o
          CC arch-linux-c-opt/obj/vec/vec/utils/tagger/impls/simple.o
          CC arch-linux-c-opt/obj/vec/vec/utils/tagger/impls/relative.o
          CC arch-linux-c-opt/obj/vec/vec/utils/tagger/impls/or.o
          CC arch-linux-c-opt/obj/vec/vec/utils/tagger/impls/andor.o
          CC arch-linux-c-opt/obj/vec/vec/utils/tagger/impls/cdf.o
          CC arch-linux-c-opt/obj/vec/vec/utils/tagger/impls/and.o
          CC arch-linux-c-opt/obj/vec/pf/interface/pfall.o
          CC arch-linux-c-opt/obj/vec/pf/interface/ftn-custom/zpff.o
          CC arch-linux-c-opt/obj/vec/pf/interface/ftn-auto/pff.o
          CC arch-linux-c-opt/obj/vec/pf/interface/pf.o
          CC arch-linux-c-opt/obj/vec/pf/impls/string/cstring.o
          CC arch-linux-c-opt/obj/vec/is/ao/interface/dlregisdm.o
          CC arch-linux-c-opt/obj/vec/pf/impls/constant/const.o
          CC arch-linux-c-opt/obj/vec/is/ao/interface/ao.o
          CC arch-linux-c-opt/obj/vec/is/ao/interface/aoreg.o
          CC arch-linux-c-opt/obj/vec/is/ao/interface/aoregall.o
          CC arch-linux-c-opt/obj/vec/is/ao/interface/ftn-custom/zaof.o
          CC arch-linux-c-opt/obj/vec/is/ao/interface/ftn-auto/aof.o
          CC arch-linux-c-opt/obj/vec/is/ao/impls/mapping/ftn-custom/zaomappingf.o
          CC arch-linux-c-opt/obj/vec/is/ao/impls/mapping/ftn-auto/aomappingf.o
          CC arch-linux-c-opt/obj/vec/is/ao/impls/mapping/aomapping.o
          CC arch-linux-c-opt/obj/vec/is/ao/impls/basic/ftn-custom/zaobasicf.o
          CC arch-linux-c-opt/obj/vec/is/is/interface/isregall.o
          CC arch-linux-c-opt/obj/vec/is/ao/impls/basic/aobasic.o
          CC arch-linux-c-opt/obj/vec/is/ao/impls/memscalable/aomemscalable.o
          CC arch-linux-c-opt/obj/vec/is/is/interface/isreg.o
          CC arch-linux-c-opt/obj/vec/is/is/interface/ftn-custom/zindexf.o
          CC arch-linux-c-opt/obj/vec/is/is/interface/ftn-auto/isregf.o
          CC arch-linux-c-opt/obj/vec/is/is/interface/ftn-auto/indexf.o
          CC arch-linux-c-opt/obj/vec/is/is/interface/f90-custom/zindexf90.o
          CC arch-linux-c-opt/obj/vec/is/is/impls/general/ftn-auto/generalf.o
          CC arch-linux-c-opt/obj/vec/is/is/impls/stride/ftn-auto/stridef.o
          CC arch-linux-c-opt/obj/vec/is/is/interface/index.o
          CC arch-linux-c-opt/obj/vec/is/is/impls/stride/stride.o
          CC arch-linux-c-opt/obj/vec/is/is/impls/general/general.o
          CC arch-linux-c-opt/obj/vec/is/is/impls/block/ftn-custom/zblockf.o
          CC arch-linux-c-opt/obj/vec/is/is/impls/block/ftn-auto/blockf.o
          CC arch-linux-c-opt/obj/vec/is/is/impls/f90-custom/zblockf90.o
          CC arch-linux-c-opt/obj/vec/is/is/utils/iscomp.o
          CC arch-linux-c-opt/obj/vec/is/is/impls/block/block.o
          CC arch-linux-c-opt/obj/vec/is/is/utils/ftn-custom/ziscoloringf.o
          CC arch-linux-c-opt/obj/vec/is/is/utils/isblock.o
          CC arch-linux-c-opt/obj/vec/is/is/utils/iscoloring.o
          CC arch-linux-c-opt/obj/vec/is/is/utils/ftn-auto/isblockf.o
          CC arch-linux-c-opt/obj/vec/is/is/utils/ftn-auto/iscoloringf.o
          CC arch-linux-c-opt/obj/vec/is/is/utils/isdiff.o
          CC arch-linux-c-opt/obj/vec/is/is/utils/ftn-auto/iscompf.o
          CC arch-linux-c-opt/obj/vec/is/is/utils/ftn-auto/isdifff.o
          CC arch-linux-c-opt/obj/vec/is/utils/hdf5io.o
          CC arch-linux-c-opt/obj/vec/is/is/utils/f90-custom/ziscoloringf90.o
          CC arch-linux-c-opt/obj/vec/is/utils/isio.o
          CC arch-linux-c-opt/obj/vec/is/utils/pmap.o
          CC arch-linux-c-opt/obj/vec/is/utils/ftn-custom/zhdf5io.o
          CC arch-linux-c-opt/obj/vec/is/utils/ftn-custom/zisltogf.o
          CC arch-linux-c-opt/obj/vec/is/utils/psort.o
          CC arch-linux-c-opt/obj/vec/is/utils/ftn-custom/zvsectionisf.o
          CC arch-linux-c-opt/obj/vec/is/utils/ftn-auto/isltogf.o
          CC arch-linux-c-opt/obj/vec/is/utils/ftn-auto/psortf.o
          CC arch-linux-c-opt/obj/vec/is/utils/ftn-auto/pmapf.o
          CC arch-linux-c-opt/obj/vec/is/utils/f90-custom/zisltogf90.o
          CC arch-linux-c-opt/obj/vec/is/section/interface/sectionhdf5.o
          CC arch-linux-c-opt/obj/vec/is/section/interface/ftn-custom/zsectionf.o
          CC arch-linux-c-opt/obj/vec/is/section/interface/ftn-auto/sectionf.o
          CC arch-linux-c-opt/obj/vec/is/section/interface/f90-custom/zvsectionisf90.o
          CC arch-linux-c-opt/obj/vec/is/sf/interface/dlregissf.o
          CC arch-linux-c-opt/obj/vec/is/sf/interface/sfregi.o
          CC arch-linux-c-opt/obj/vec/is/utils/isltog.o
          CC arch-linux-c-opt/obj/vec/is/sf/interface/sftype.o
          CC arch-linux-c-opt/obj/vec/is/sf/interface/ftn-custom/zsf.o
          CC arch-linux-c-opt/obj/vec/is/sf/interface/ftn-custom/zvscat.o
          CC arch-linux-c-opt/obj/vec/is/sf/interface/ftn-auto/sff.o
          CC arch-linux-c-opt/obj/vec/is/sf/interface/vscat.o
          CC arch-linux-c-opt/obj/vec/is/sf/interface/ftn-auto/vscatf.o
          CC arch-linux-c-opt/obj/vec/is/section/interface/section.o
          CC arch-linux-c-opt/obj/vec/is/sf/interface/sf.o
          CC arch-linux-c-opt/obj/vec/is/sf/impls/basic/sfbasic.o
          CC arch-linux-c-opt/obj/vec/is/sf/impls/window/sfwindow.o
          CC arch-linux-c-opt/obj/vec/is/sf/impls/basic/sfmpi.o
          CC arch-linux-c-opt/obj/vec/is/sf/impls/basic/gatherv/sfgatherv.o
          CC arch-linux-c-opt/obj/vec/is/sf/impls/basic/gather/sfgather.o
          CC arch-linux-c-opt/obj/vec/is/sf/impls/basic/allgatherv/sfallgatherv.o
          CC arch-linux-c-opt/obj/vec/is/sf/impls/basic/alltoall/sfalltoall.o
          CC arch-linux-c-opt/obj/vec/is/sf/impls/basic/allgather/sfallgather.o
          CC arch-linux-c-opt/obj/vec/is/sf/impls/basic/neighbor/sfneighbor.o
          CC arch-linux-c-opt/obj/vec/is/sf/utils/ftn-custom/zsfutilsf.o
          CC arch-linux-c-opt/obj/vec/is/sf/utils/ftn-auto/sfutilsf.o
          CC arch-linux-c-opt/obj/vec/is/sf/utils/sfutils.o
          CC arch-linux-c-opt/obj/mat/matfd/fdmatrix.o
          CC arch-linux-c-opt/obj/mat/matfd/ftn-custom/zfdmatrixf.o
          CC arch-linux-c-opt/obj/mat/matfd/ftn-auto/fdmatrixf.o
          CC arch-linux-c-opt/obj/mat/color/interface/matcoloringregi.o
          CC arch-linux-c-opt/obj/mat/color/interface/matcoloring.o
          CC arch-linux-c-opt/obj/mat/color/interface/ftn-custom/zmatcoloringf.o
          FC arch-linux-c-opt/obj/mat/f90-mod/petscmatmod.o
          CC arch-linux-c-opt/obj/mat/color/interface/ftn-auto/matcoloringf.o
          CC arch-linux-c-opt/obj/mat/color/impls/power/power.o
          CC arch-linux-c-opt/obj/mat/color/impls/natural/natural.o
          CC arch-linux-c-opt/obj/mat/color/impls/jp/jp.o
          CC arch-linux-c-opt/obj/mat/color/impls/minpack/degr.o
          CC arch-linux-c-opt/obj/mat/color/impls/minpack/color.o
          CC arch-linux-c-opt/obj/mat/color/impls/greedy/greedy.o
          CC arch-linux-c-opt/obj/mat/color/impls/minpack/dsm.o
          CC arch-linux-c-opt/obj/mat/color/impls/minpack/numsrt.o
          CC arch-linux-c-opt/obj/mat/color/impls/minpack/ido.o
          CC arch-linux-c-opt/obj/mat/color/impls/minpack/seq.o
          CC arch-linux-c-opt/obj/mat/color/impls/minpack/setr.o
          CC arch-linux-c-opt/obj/mat/color/impls/minpack/slo.o
          CC arch-linux-c-opt/obj/mat/color/utils/bipartite.o
          CC arch-linux-c-opt/obj/mat/color/utils/valid.o
          CC arch-linux-c-opt/obj/mat/impls/sell/seq/fdsell.o
          CC arch-linux-c-opt/obj/mat/color/utils/weights.o
          CC arch-linux-c-opt/obj/mat/impls/sell/seq/ftn-custom/zsellf.o
          CC arch-linux-c-opt/obj/mat/impls/sell/mpi/mmsell.o
          CC arch-linux-c-opt/obj/mat/impls/localref/mlocalref.o
          CC arch-linux-c-opt/obj/mat/impls/localref/ftn-auto/mlocalreff.o
          CC arch-linux-c-opt/obj/mat/impls/sell/seq/sell.o
          CC arch-linux-c-opt/obj/mat/impls/dummy/matdummy.o
          CC arch-linux-c-opt/obj/mat/impls/sell/mpi/mpisell.o
          CC arch-linux-c-opt/obj/mat/impls/nest/ftn-custom/zmatnestf.o
          CC arch-linux-c-opt/obj/mat/impls/nest/ftn-auto/matnestf.o
          CC arch-linux-c-opt/obj/mat/impls/nest/matnest.o
          CC arch-linux-c-opt/obj/mat/impls/baij/seq/baij2.o
          CC arch-linux-c-opt/obj/mat/impls/baij/seq/baijfact.o
          CC arch-linux-c-opt/obj/mat/impls/baij/seq/dgefa.o
          CC arch-linux-c-opt/obj/mat/impls/baij/seq/dgedi.o
          CC arch-linux-c-opt/obj/mat/impls/baij/seq/baijfact2.o
          CC arch-linux-c-opt/obj/mat/impls/baij/seq/dgefa3.o
          CC arch-linux-c-opt/obj/mat/impls/baij/seq/dgefa4.o
          CC arch-linux-c-opt/obj/mat/impls/baij/seq/dgefa5.o
          CC arch-linux-c-opt/obj/mat/impls/baij/seq/baij.o
          CC arch-linux-c-opt/obj/mat/impls/baij/seq/dgefa6.o
          CC arch-linux-c-opt/obj/mat/impls/baij/seq/dgefa2.o
          CC arch-linux-c-opt/obj/mat/impls/baij/seq/dgefa7.o
          CC arch-linux-c-opt/obj/mat/impls/baij/seq/aijbaij.o
          CC arch-linux-c-opt/obj/mat/impls/baij/seq/baijfact4.o
          CC arch-linux-c-opt/obj/mat/impls/baij/seq/baijfact3.o
          CC arch-linux-c-opt/obj/mat/impls/baij/seq/baijfact9.o
          CC arch-linux-c-opt/obj/mat/impls/baij/seq/baijfact7.o
          CC arch-linux-c-opt/obj/mat/impls/baij/seq/baijfact11.o
          CC arch-linux-c-opt/obj/mat/impls/baij/seq/baijfact5.o
          CC arch-linux-c-opt/obj/mat/impls/baij/seq/baijfact13.o
          CC arch-linux-c-opt/obj/mat/impls/baij/seq/baijfact81.o
          CC arch-linux-c-opt/obj/mat/impls/baij/seq/baijsolvtrannat1.o
          CC arch-linux-c-opt/obj/mat/impls/baij/seq/baijsolvtrannat2.o
          CC arch-linux-c-opt/obj/mat/impls/baij/seq/baijsolvtrannat3.o
          CC arch-linux-c-opt/obj/mat/impls/baij/seq/baijsolvtrannat4.o
          CC arch-linux-c-opt/obj/mat/impls/baij/seq/baijsolvtrannat5.o
          CC arch-linux-c-opt/obj/mat/impls/baij/seq/baijsolvtrannat6.o
          CC arch-linux-c-opt/obj/mat/impls/baij/seq/baijsolv.o
          CC arch-linux-c-opt/obj/mat/impls/baij/seq/baijsolvtrannat7.o
          CC arch-linux-c-opt/obj/mat/impls/baij/seq/baijsolvtran1.o
          CC arch-linux-c-opt/obj/mat/impls/baij/seq/baijsolvtran2.o
          CC arch-linux-c-opt/obj/mat/impls/baij/seq/baijsolvtran3.o
          CC arch-linux-c-opt/obj/mat/impls/baij/seq/baijsolvtran4.o
          CC arch-linux-c-opt/obj/mat/impls/baij/seq/baijsolvtran5.o
          CC arch-linux-c-opt/obj/mat/impls/baij/seq/baijsolvtran6.o
          CC arch-linux-c-opt/obj/mat/impls/baij/seq/baijsolvtran7.o
          CC arch-linux-c-opt/obj/mat/impls/baij/seq/baijsolvtrann.o
          CC arch-linux-c-opt/obj/mat/impls/baij/seq/baijsolvnat1.o
          CC arch-linux-c-opt/obj/mat/impls/baij/seq/baijsolvnat2.o
          CC arch-linux-c-opt/obj/mat/impls/baij/seq/baijsolvnat3.o
          CC arch-linux-c-opt/obj/mat/impls/baij/seq/baijsolvnat4.o
          CC arch-linux-c-opt/obj/mat/impls/baij/seq/baijsolvnat5.o
          CC arch-linux-c-opt/obj/mat/impls/baij/seq/baijsolvnat6.o
          CC arch-linux-c-opt/obj/mat/impls/baij/seq/baijsolvnat7.o
          CC arch-linux-c-opt/obj/mat/impls/baij/seq/baijsolvnat11.o
          CC arch-linux-c-opt/obj/mat/impls/baij/seq/ftn-custom/zbaijf.o
          CC arch-linux-c-opt/obj/mat/impls/baij/seq/baijsolvnat14.o
          CC arch-linux-c-opt/obj/mat/impls/baij/seq/ftn-auto/baijf.o
          CC arch-linux-c-opt/obj/mat/impls/baij/seq/baijsolvnat15.o
          CC arch-linux-c-opt/obj/mat/impls/baij/mpi/mmbaij.o
          CC arch-linux-c-opt/obj/mat/impls/baij/mpi/mpb_baij.o
          CC arch-linux-c-opt/obj/mat/impls/baij/mpi/mpiaijbaij.o
          CC arch-linux-c-opt/obj/mat/impls/baij/mpi/ftn-custom/zmpibaijf.o
          CC arch-linux-c-opt/obj/mat/impls/baij/mpi/ftn-auto/mpibaijf.o
          CC arch-linux-c-opt/obj/mat/impls/submat/submat.o
          CC arch-linux-c-opt/obj/mat/impls/submat/ftn-auto/submatf.o
          CC arch-linux-c-opt/obj/mat/impls/baij/mpi/baijov.o
          CC arch-linux-c-opt/obj/mat/impls/transpose/transm.o
          CC arch-linux-c-opt/obj/mat/impls/transpose/ftn-auto/htransmf.o
          CC arch-linux-c-opt/obj/mat/impls/transpose/htransm.o
          CC arch-linux-c-opt/obj/mat/impls/transpose/ftn-auto/transmf.o
          CC arch-linux-c-opt/obj/mat/impls/composite/ftn-auto/mcompositef.o
          CC arch-linux-c-opt/obj/mat/impls/composite/mcomposite.o
          CC arch-linux-c-opt/obj/mat/impls/mffd/mffd.o
          CC arch-linux-c-opt/obj/mat/impls/mffd/mffddef.o
          CC arch-linux-c-opt/obj/mat/impls/mffd/mfregis.o
          CC arch-linux-c-opt/obj/mat/impls/baij/mpi/mpibaij.o
          CC arch-linux-c-opt/obj/mat/impls/mffd/wp.o
          CC arch-linux-c-opt/obj/mat/impls/mffd/ftn-auto/mffdf.o
          CC arch-linux-c-opt/obj/mat/impls/mffd/ftn-custom/zmffdf.o
          CC arch-linux-c-opt/obj/mat/impls/mffd/ftn-auto/mffddeff.o
          CC arch-linux-c-opt/obj/mat/impls/mffd/ftn-auto/wpf.o
          CC arch-linux-c-opt/obj/mat/impls/normal/ftn-auto/normmf.o
          CC arch-linux-c-opt/obj/mat/impls/normal/normmh.o
          CC arch-linux-c-opt/obj/mat/impls/normal/ftn-auto/normmhf.o
          CC arch-linux-c-opt/obj/mat/impls/normal/normm.o
          CC arch-linux-c-opt/obj/mat/impls/adj/mpi/ftn-custom/zmpiadjf.o
          CC arch-linux-c-opt/obj/mat/impls/adj/mpi/ftn-auto/mpiadjf.o
          CC arch-linux-c-opt/obj/mat/impls/scatter/ftn-auto/mscatterf.o
          CC arch-linux-c-opt/obj/mat/impls/scatter/mscatter.o
          CC arch-linux-c-opt/obj/mat/impls/preallocator/ftn-auto/matpreallocatorf.o
          CC arch-linux-c-opt/obj/mat/impls/adj/mpi/mpiadj.o
          CC arch-linux-c-opt/obj/mat/impls/preallocator/matpreallocator.o
          CC arch-linux-c-opt/obj/mat/impls/kaij/ftn-auto/kaijf.o
          CC arch-linux-c-opt/obj/mat/impls/hypre/mhypre.o
          CC arch-linux-c-opt/obj/mat/impls/kaij/kaij.o
          CC arch-linux-c-opt/obj/mat/impls/is/ftn-auto/matisf.o
          CC arch-linux-c-opt/obj/mat/impls/is/matis.o
          CC arch-linux-c-opt/obj/mat/impls/sbaij/seq/sbaij2.o
          CC arch-linux-c-opt/obj/mat/impls/sbaij/seq/sbaij.o
          CC arch-linux-c-opt/obj/mat/impls/sbaij/seq/sro.o
          CC arch-linux-c-opt/obj/mat/impls/sbaij/seq/sbaijfact3.o
          CC arch-linux-c-opt/obj/mat/impls/sbaij/seq/sbaijfact.o
          CC arch-linux-c-opt/obj/mat/impls/sbaij/seq/sbaijfact4.o
          CC arch-linux-c-opt/obj/mat/impls/sbaij/seq/sbaijfact5.o
          CC arch-linux-c-opt/obj/mat/impls/sbaij/seq/sbaijfact6.o
          CC arch-linux-c-opt/obj/mat/impls/sbaij/seq/sbaijfact7.o
          CC arch-linux-c-opt/obj/mat/impls/sbaij/seq/sbaijfact8.o
          CC arch-linux-c-opt/obj/mat/impls/sbaij/seq/sbaijfact2.o
          CC arch-linux-c-opt/obj/mat/impls/sbaij/seq/sbaijfact9.o
          CC arch-linux-c-opt/obj/mat/impls/sbaij/seq/sbaijfact10.o
          CC arch-linux-c-opt/obj/mat/impls/sbaij/seq/sbaijfact11.o
          CC arch-linux-c-opt/obj/mat/impls/sbaij/seq/ftn-custom/zsbaijf.o
          CC arch-linux-c-opt/obj/mat/impls/sbaij/seq/sbaijfact12.o
          CC arch-linux-c-opt/obj/mat/impls/sbaij/seq/aijsbaij.o
          CC arch-linux-c-opt/obj/mat/impls/sbaij/seq/ftn-auto/sbaijf.o
          CC arch-linux-c-opt/obj/mat/impls/sbaij/mpi/mmsbaij.o
          CC arch-linux-c-opt/obj/mat/impls/sbaij/mpi/sbaijov.o
          CC arch-linux-c-opt/obj/mat/impls/sbaij/mpi/mpiaijsbaij.o
          CC arch-linux-c-opt/obj/mat/impls/sbaij/mpi/ftn-custom/zmpisbaijf.o
          CC arch-linux-c-opt/obj/mat/impls/sbaij/mpi/ftn-auto/mpisbaijf.o
          CC arch-linux-c-opt/obj/mat/impls/cdiagonal/ftn-auto/cdiagonalf.o
          CC arch-linux-c-opt/obj/mat/impls/cdiagonal/cdiagonal.o
          CC arch-linux-c-opt/obj/mat/impls/shell/shellcnv.o
          CC arch-linux-c-opt/obj/mat/impls/shell/ftn-custom/zshellf.o
          CC arch-linux-c-opt/obj/mat/impls/shell/ftn-auto/shellf.o
          CC arch-linux-c-opt/obj/mat/impls/fft/fft.o
          CC arch-linux-c-opt/obj/mat/impls/fft/ftn-custom/zfftf.o
          CC arch-linux-c-opt/obj/mat/impls/shell/shell.o
          CC arch-linux-c-opt/obj/mat/impls/python/pythonmat.o
          CC arch-linux-c-opt/obj/mat/impls/python/ftn-custom/zpythonmf.o
          CC arch-linux-c-opt/obj/mat/impls/sbaij/mpi/mpisbaij.o
          CC arch-linux-c-opt/obj/mat/impls/centering/ftn-auto/centeringf.o
          CC arch-linux-c-opt/obj/mat/impls/centering/centering.o
          CC arch-linux-c-opt/obj/mat/impls/dense/seq/densehdf5.o
          CC arch-linux-c-opt/obj/mat/impls/dense/seq/ftn-custom/zdensef.o
          CC arch-linux-c-opt/obj/mat/impls/dense/seq/ftn-auto/densef.o
          CC arch-linux-c-opt/obj/mat/impls/dense/mpi/mmdense.o
          CC arch-linux-c-opt/obj/mat/impls/dense/mpi/ftn-custom/zmpidensef.o
          CC arch-linux-c-opt/obj/mat/impls/dense/mpi/ftn-auto/mpidensef.o
          CC arch-linux-c-opt/obj/vec/is/sf/impls/basic/sfpack.o
          CC arch-linux-c-opt/obj/mat/impls/lrc/ftn-auto/lrcf.o
          CC arch-linux-c-opt/obj/mat/impls/lrc/lrc.o
          CC arch-linux-c-opt/obj/mat/impls/dense/mpi/mpidense.o
          CC arch-linux-c-opt/obj/mat/impls/maij/ftn-auto/maijf.o
          CC arch-linux-c-opt/obj/mat/impls/dense/seq/dense.o
          CC arch-linux-c-opt/obj/mat/impls/blockmat/seq/blockmat.o
          CC arch-linux-c-opt/obj/mat/impls/aij/seq/ij.o
          CC arch-linux-c-opt/obj/mat/impls/aij/seq/fdaij.o
          CC arch-linux-c-opt/obj/mat/impls/maij/maij.o
          CC arch-linux-c-opt/obj/mat/impls/aij/seq/symtranspose.o
          CC arch-linux-c-opt/obj/mat/impls/aij/seq/matptap.o
          CC arch-linux-c-opt/obj/mat/impls/aij/seq/matrart.o
          CC arch-linux-c-opt/obj/mat/impls/aij/seq/aijfact.o
          CC arch-linux-c-opt/obj/mat/impls/aij/seq/inode2.o
          CC arch-linux-c-opt/obj/mat/impls/aij/seq/matmatmult.o
          CC arch-linux-c-opt/obj/mat/impls/aij/seq/matmatmatmult.o
          CC arch-linux-c-opt/obj/mat/impls/aij/seq/aijhdf5.o
          CC arch-linux-c-opt/obj/mat/impls/aij/seq/mattransposematmult.o
          CC arch-linux-c-opt/obj/mat/impls/aij/seq/aij.o
          CC arch-linux-c-opt/obj/mat/impls/aij/seq/crl/crl.o
          CC arch-linux-c-opt/obj/mat/impls/aij/seq/aijsell/aijsell.o
          CC arch-linux-c-opt/obj/mat/impls/aij/seq/ftn-custom/zaijf.o
          CC arch-linux-c-opt/obj/mat/impls/aij/seq/aijperm/aijperm.o
          CC arch-linux-c-opt/obj/mat/impls/aij/seq/bas/basfactor.o
          CC arch-linux-c-opt/obj/mat/impls/aij/seq/ftn-auto/aijf.o
          CC arch-linux-c-opt/obj/mat/impls/aij/mpi/mmaij.o
          CC arch-linux-c-opt/obj/mat/impls/aij/mpi/mpiaijpc.o
          CC arch-linux-c-opt/obj/mat/impls/aij/seq/bas/spbas.o
          CC arch-linux-c-opt/obj/mat/impls/aij/mpi/fdmpiaij.o
          CC arch-linux-c-opt/obj/mat/impls/aij/seq/inode.o
          CC arch-linux-c-opt/obj/mat/impls/aij/mpi/mpiov.o
          CC arch-linux-c-opt/obj/mat/impls/aij/mpi/mpb_aij.o
          CC arch-linux-c-opt/obj/mat/impls/aij/mpi/mpimatmatmatmult.o
          CC arch-linux-c-opt/obj/mat/impls/aij/mpi/mpimatmatmult.o
          CC arch-linux-c-opt/obj/mat/impls/aij/mpi/mpimattransposematmult.o
          CC arch-linux-c-opt/obj/mat/impls/aij/mpi/aijsell/mpiaijsell.o
          CC arch-linux-c-opt/obj/mat/impls/aij/mpi/ftn-custom/zmpiaijf.o
          CC arch-linux-c-opt/obj/mat/impls/aij/mpi/crl/mcrl.o
          CC arch-linux-c-opt/obj/mat/impls/aij/mpi/mpiptap.o
          CC arch-linux-c-opt/obj/mat/impls/aij/mpi/ftn-auto/mpiaijf.o
          CC arch-linux-c-opt/obj/mat/impls/aij/mpi/aijperm/mpiaijperm.o
          CC arch-linux-c-opt/obj/mat/interface/matreg.o
          CC arch-linux-c-opt/obj/mat/interface/matregis.o
          CC arch-linux-c-opt/obj/mat/interface/matnull.o
          CC arch-linux-c-opt/obj/mat/interface/dlregismat.o
          CC arch-linux-c-opt/obj/mat/interface/ftn-custom/zmatregf.o
          CC arch-linux-c-opt/obj/mat/interface/matproduct.o
          CC arch-linux-c-opt/obj/mat/impls/aij/mpi/mpiaij.o
          CC arch-linux-c-opt/obj/mat/interface/ftn-custom/zmatrixf.o
          CC arch-linux-c-opt/obj/mat/interface/ftn-custom/zmatnullf.o
          CC arch-linux-c-opt/obj/mat/interface/ftn-auto/matnullf.o
          CC arch-linux-c-opt/obj/mat/interface/ftn-auto/matproductf.o
          CC arch-linux-c-opt/obj/mat/interface/f90-custom/zmatrixf90.o
          CC arch-linux-c-opt/obj/mat/interface/ftn-auto/matrixf.o
          CC arch-linux-c-opt/obj/mat/partition/spartition.o
          CC arch-linux-c-opt/obj/mat/partition/ftn-auto/partitionf.o
          CC arch-linux-c-opt/obj/mat/partition/ftn-custom/zpartitionf.o
          CC arch-linux-c-opt/obj/mat/partition/partition.o
          CC arch-linux-c-opt/obj/mat/ftn-custom/zmat.o
          CC arch-linux-c-opt/obj/mat/order/sp1wd.o
          CC arch-linux-c-opt/obj/mat/order/spnd.o
          CC arch-linux-c-opt/obj/mat/order/spqmd.o
          CC arch-linux-c-opt/obj/mat/partition/impls/hierarchical/hierarchical.o
          CC arch-linux-c-opt/obj/mat/order/sprcm.o
          CC arch-linux-c-opt/obj/mat/order/sorder.o
          CC arch-linux-c-opt/obj/mat/order/sregis.o
          CC arch-linux-c-opt/obj/mat/order/spectral.o
          CC arch-linux-c-opt/obj/mat/order/degree.o
          CC arch-linux-c-opt/obj/mat/order/fnroot.o
          CC arch-linux-c-opt/obj/mat/order/genqmd.o
          CC arch-linux-c-opt/obj/mat/order/qmdqt.o
          CC arch-linux-c-opt/obj/mat/order/rcm.o
          CC arch-linux-c-opt/obj/mat/order/fn1wd.o
          CC arch-linux-c-opt/obj/mat/order/gen1wd.o
          CC arch-linux-c-opt/obj/mat/order/genrcm.o
          CC arch-linux-c-opt/obj/mat/order/qmdrch.o
          CC arch-linux-c-opt/obj/mat/order/rootls.o
          CC arch-linux-c-opt/obj/mat/order/fndsep.o
          CC arch-linux-c-opt/obj/mat/interface/matrix.o
          CC arch-linux-c-opt/obj/mat/order/gennd.o
          CC arch-linux-c-opt/obj/mat/order/qmdmrg.o
          CC arch-linux-c-opt/obj/mat/order/qmdupd.o
          CC arch-linux-c-opt/obj/mat/order/wbm.o
          CC arch-linux-c-opt/obj/mat/order/ftn-auto/spectralf.o
          CC arch-linux-c-opt/obj/mat/order/ftn-custom/zsorderf.o
          CC arch-linux-c-opt/obj/mat/utils/convert.o
          CC arch-linux-c-opt/obj/mat/utils/zerodiag.o
          CC arch-linux-c-opt/obj/mat/utils/factorschur.o
          CC arch-linux-c-opt/obj/mat/utils/matio.o
          CC arch-linux-c-opt/obj/mat/utils/axpy.o
          CC arch-linux-c-opt/obj/mat/utils/getcolv.o
          CC arch-linux-c-opt/obj/mat/utils/freespace.o
          CC arch-linux-c-opt/obj/mat/utils/compressedrow.o
          CC arch-linux-c-opt/obj/mat/utils/matstash.o
          CC arch-linux-c-opt/obj/mat/utils/matstashspace.o
          CC arch-linux-c-opt/obj/mat/utils/gcreate.o
          CC arch-linux-c-opt/obj/mat/utils/pheap.o
          CC arch-linux-c-opt/obj/mat/utils/multequal.o
          CC arch-linux-c-opt/obj/mat/utils/bandwidth.o
          CC arch-linux-c-opt/obj/mat/utils/zerorows.o
          CC arch-linux-c-opt/obj/mat/utils/overlapsplit.o
          CC arch-linux-c-opt/obj/mat/utils/ftn-auto/bandwidthf.o
          CC arch-linux-c-opt/obj/mat/utils/ftn-auto/axpyf.o
          CC arch-linux-c-opt/obj/mat/utils/ftn-auto/gcreatef.o
          CC arch-linux-c-opt/obj/mat/utils/ftn-auto/getcolvf.o
          CC arch-linux-c-opt/obj/mat/utils/ftn-auto/zerodiagf.o
          CC arch-linux-c-opt/obj/mat/utils/ftn-auto/multequalf.o
          CC arch-linux-c-opt/obj/mat/coarsen/coarsen.o
          CC arch-linux-c-opt/obj/mat/coarsen/scoarsen.o
          CC arch-linux-c-opt/obj/mat/coarsen/ftn-auto/coarsenf.o
          CC arch-linux-c-opt/obj/mat/coarsen/ftn-custom/zcoarsenf.o
          CC arch-linux-c-opt/obj/mat/coarsen/impls/mis/mis.o
          CC arch-linux-c-opt/obj/dm/label/ftn-custom/zdmlabel.o
          CC arch-linux-c-opt/obj/dm/label/ftn-auto/dmlabelf.o
          CC arch-linux-c-opt/obj/mat/coarsen/impls/hem/hem.o
          CC arch-linux-c-opt/obj/dm/interface/dmregall.o
          CC arch-linux-c-opt/obj/dm/interface/dmget.o
          CC arch-linux-c-opt/obj/dm/label/dmlabel.o
          CC arch-linux-c-opt/obj/dm/interface/dmi.o
          CC arch-linux-c-opt/obj/dm/interface/dmglvis.o
          FC arch-linux-c-opt/obj/dm/f90-mod/petscdmmod.o
          CC arch-linux-c-opt/obj/dm/interface/dmceed.o
          CC arch-linux-c-opt/obj/dm/interface/dlregisdmdm.o
          CC arch-linux-c-opt/obj/dm/interface/ftn-custom/zdmgetf.o
          CC arch-linux-c-opt/obj/dm/interface/dmgenerate.o
          CC arch-linux-c-opt/obj/dm/interface/ftn-custom/zdmf.o
          CC arch-linux-c-opt/obj/dm/interface/ftn-auto/dmgetf.o
          CC arch-linux-c-opt/obj/dm/interface/ftn-auto/dmf.o
          CC arch-linux-c-opt/obj/dm/impls/forest/ftn-auto/forestf.o
          CC arch-linux-c-opt/obj/dm/impls/forest/forest.o
          CC arch-linux-c-opt/obj/dm/impls/da/da1.o
          CC arch-linux-c-opt/obj/dm/impls/da/daghost.o
          CC arch-linux-c-opt/obj/dm/impls/da/da2.o
          CC arch-linux-c-opt/obj/dm/impls/da/dagtol.o
          CC arch-linux-c-opt/obj/dm/impls/da/dacorn.o
          CC arch-linux-c-opt/obj/dm/interface/dm.o
          CC arch-linux-c-opt/obj/dm/impls/da/daltol.o
          CC arch-linux-c-opt/obj/dm/impls/da/daindex.o
          CC arch-linux-c-opt/obj/dm/impls/da/dascatter.o
          CC arch-linux-c-opt/obj/dm/impls/da/dadestroy.o
          CC arch-linux-c-opt/obj/dm/impls/da/dacreate.o
          CC arch-linux-c-opt/obj/dm/impls/da/dadist.o
          CC arch-linux-c-opt/obj/dm/impls/da/dalocal.o
          CC arch-linux-c-opt/obj/dm/impls/da/daview.o
          CC arch-linux-c-opt/obj/dm/impls/da/dasub.o
          CC arch-linux-c-opt/obj/dm/impls/da/da3.o
          CC arch-linux-c-opt/obj/dm/impls/da/gr1.o
          CC arch-linux-c-opt/obj/dm/impls/da/dagtona.o
          CC arch-linux-c-opt/obj/dm/impls/da/dapf.o
          CC arch-linux-c-opt/obj/dm/impls/da/gr2.o
          CC arch-linux-c-opt/obj/dm/impls/da/dagetarray.o
          CC arch-linux-c-opt/obj/dm/impls/da/dagetelem.o
          CC arch-linux-c-opt/obj/dm/impls/da/dareg.o
          CC arch-linux-c-opt/obj/dm/impls/da/da.o
          CC arch-linux-c-opt/obj/dm/impls/da/dainterp.o
          CC arch-linux-c-opt/obj/dm/impls/da/dageometry.o
          CC arch-linux-c-opt/obj/dm/impls/da/dapreallocate.o
          CC arch-linux-c-opt/obj/dm/impls/da/grvtk.o
          CC arch-linux-c-opt/obj/dm/impls/da/dadd.o
          CC arch-linux-c-opt/obj/dm/impls/da/f90-custom/zda1f90.o
          CC arch-linux-c-opt/obj/dm/impls/da/ftn-custom/zdaf.o
          CC arch-linux-c-opt/obj/dm/impls/da/ftn-custom/zda1f.o
          CC arch-linux-c-opt/obj/dm/impls/da/ftn-custom/zda2f.o
          CC arch-linux-c-opt/obj/dm/impls/da/grglvis.o
          CC arch-linux-c-opt/obj/dm/impls/da/ftn-custom/zda3f.o
          CC arch-linux-c-opt/obj/dm/impls/da/ftn-custom/zdaghostf.o
          CC arch-linux-c-opt/obj/dm/impls/da/ftn-custom/zdagetscatterf.o
          CC arch-linux-c-opt/obj/dm/impls/da/ftn-custom/zdacornf.o
          CC arch-linux-c-opt/obj/dm/impls/da/ftn-custom/zdaindexf.o
          CC arch-linux-c-opt/obj/dm/impls/da/ftn-custom/zdasubf.o
          CC arch-linux-c-opt/obj/dm/impls/da/ftn-custom/zdaviewf.o
          CC arch-linux-c-opt/obj/dm/impls/da/ftn-auto/dacornf.o
          CC arch-linux-c-opt/obj/dm/impls/da/ftn-auto/dacreatef.o
          CC arch-linux-c-opt/obj/dm/impls/da/ftn-auto/daf.o
          CC arch-linux-c-opt/obj/dm/impls/da/ftn-auto/daddf.o
          CC arch-linux-c-opt/obj/dm/impls/da/ftn-auto/dadistf.o
          CC arch-linux-c-opt/obj/dm/impls/da/ftn-auto/dageometryf.o
          CC arch-linux-c-opt/obj/dm/impls/da/ftn-auto/dagetarrayf.o
          CC arch-linux-c-opt/obj/dm/impls/da/ftn-auto/dagetelemf.o
          CC arch-linux-c-opt/obj/dm/impls/da/ftn-auto/dagtolf.o
          CC arch-linux-c-opt/obj/dm/impls/da/ftn-auto/dagtonaf.o
          CC arch-linux-c-opt/obj/dm/impls/da/ftn-auto/daindexf.o
          CC arch-linux-c-opt/obj/dm/impls/da/ftn-auto/dainterpf.o
          CC arch-linux-c-opt/obj/dm/impls/da/ftn-auto/dalocalf.o
          CC arch-linux-c-opt/obj/dm/impls/da/ftn-auto/dapreallocatef.o
          CC arch-linux-c-opt/obj/dm/impls/da/fdda.o
          CC arch-linux-c-opt/obj/dm/impls/da/ftn-auto/dasubf.o
          CC arch-linux-c-opt/obj/dm/impls/da/ftn-auto/fddaf.o
          CC arch-linux-c-opt/obj/dm/impls/da/ftn-auto/gr1f.o
          CC arch-linux-c-opt/obj/dm/impls/redundant/ftn-auto/dmredundantf.o
          CC arch-linux-c-opt/obj/dm/impls/redundant/dmredundant.o
          CC arch-linux-c-opt/obj/dm/impls/stag/stag.o
          CC arch-linux-c-opt/obj/dm/impls/stag/stag1d.o
          CC arch-linux-c-opt/obj/dm/impls/da/hypre/mhyp.o
          CC arch-linux-c-opt/obj/dm/impls/stag/stagintern.o
          CC arch-linux-c-opt/obj/dm/impls/stag/stagda.o
          CC arch-linux-c-opt/obj/dm/impls/stag/stagstencil.o
          CC arch-linux-c-opt/obj/dm/impls/product/product.o
          CC arch-linux-c-opt/obj/dm/impls/stag/stag2d.o
          CC arch-linux-c-opt/obj/dm/impls/product/productutils.o
          CC arch-linux-c-opt/obj/dm/impls/stag/stagutils.o
          CC arch-linux-c-opt/obj/dm/impls/swarm/data_bucket.o
          CC arch-linux-c-opt/obj/dm/impls/swarm/data_ex.o
          CC arch-linux-c-opt/obj/dm/impls/swarm/swarm.o
          CC arch-linux-c-opt/obj/dm/impls/swarm/swarm_migrate.o
          CC arch-linux-c-opt/obj/dm/impls/swarm/swarmpic.o
          CC arch-linux-c-opt/obj/dm/impls/swarm/swarmpic_da.o
          CC arch-linux-c-opt/obj/dm/impls/swarm/swarmpic_sort.o
          CC arch-linux-c-opt/obj/dm/impls/swarm/swarmpic_view.o
          CC arch-linux-c-opt/obj/dm/impls/swarm/swarmpic_plex.o
          CC arch-linux-c-opt/obj/dm/impls/swarm/f90-custom/zswarmf90.o
          CC arch-linux-c-opt/obj/dm/impls/swarm/ftn-custom/zswarm.o
          CC arch-linux-c-opt/obj/dm/impls/swarm/ftn-auto/swarmf.o
          CC arch-linux-c-opt/obj/dm/impls/swarm/ftn-auto/swarmpicf.o
          CC arch-linux-c-opt/obj/dm/impls/patch/patchcreate.o
          CC arch-linux-c-opt/obj/dm/impls/patch/ftn-auto/patchcreatef.o
          CC arch-linux-c-opt/obj/dm/impls/shell/ftn-custom/zdmshellf.o
          CC arch-linux-c-opt/obj/dm/impls/patch/patch.o
          CC arch-linux-c-opt/obj/dm/impls/shell/dmshell.o
          CC arch-linux-c-opt/obj/dm/impls/shell/ftn-auto/dmshellf.o
          CC arch-linux-c-opt/obj/dm/impls/sliced/sliced.o
          CC arch-linux-c-opt/obj/dm/impls/network/networkmonitor.o
          CC arch-linux-c-opt/obj/dm/impls/network/networkcreate.o
          CC arch-linux-c-opt/obj/dm/impls/network/ftn-auto/networkcreatef.o
          CC arch-linux-c-opt/obj/dm/impls/network/ftn-auto/networkf.o
          CC arch-linux-c-opt/obj/dm/impls/stag/stag3d.o
          CC arch-linux-c-opt/obj/dm/impls/network/ftn-auto/networkmonitorf.o
          CC arch-linux-c-opt/obj/dm/impls/composite/ftn-custom/zfddaf.o
          CC arch-linux-c-opt/obj/dm/impls/composite/packm.o
          CC arch-linux-c-opt/obj/dm/impls/composite/ftn-auto/packf.o
          CC arch-linux-c-opt/obj/dm/impls/composite/f90-custom/zfddaf90.o
          CC arch-linux-c-opt/obj/dm/impls/composite/pack.o
          CC arch-linux-c-opt/obj/dm/impls/network/network.o
          CC arch-linux-c-opt/obj/dm/impls/plex/plexpartition.o
          CC arch-linux-c-opt/obj/dm/impls/plex/plexrefine.o
          CC arch-linux-c-opt/obj/dm/impls/plex/plexdistribute.o
          CC arch-linux-c-opt/obj/dm/impls/plex/plexcoarsen.o
          CC arch-linux-c-opt/obj/dm/impls/plex/plexadapt.o
          CC arch-linux-c-opt/obj/dm/impls/plex/plexextrude.o
          CC arch-linux-c-opt/obj/dm/impls/plex/plexcreate.o
          CC arch-linux-c-opt/obj/dm/impls/plex/plexpreallocate.o
          CC arch-linux-c-opt/obj/dm/impls/plex/plexreorder.o
          CC arch-linux-c-opt/obj/dm/impls/plex/plexinterpolate.o
          CC arch-linux-c-opt/obj/dm/impls/plex/plexhdf5.o
          CC arch-linux-c-opt/obj/dm/impls/plex/plexhdf5xdmf.o
          CC arch-linux-c-opt/obj/dm/impls/plex/plexexodusii.o
          CC arch-linux-c-opt/obj/dm/impls/plex/plexgeometry.o
          CC arch-linux-c-opt/obj/dm/impls/plex/plex.o
          CC arch-linux-c-opt/obj/dm/impls/plex/plexsubmesh.o
          CC arch-linux-c-opt/obj/dm/impls/plex/plexfluent.o
          CC arch-linux-c-opt/obj/dm/impls/plex/plexcgns.o
          CC arch-linux-c-opt/obj/dm/impls/plex/plexmed.o
          CC arch-linux-c-opt/obj/dm/impls/plex/plexply.o
          CC arch-linux-c-opt/obj/dm/impls/plex/plexpoint.o
          CC arch-linux-c-opt/obj/dm/impls/plex/plexvtk.o
          CC arch-linux-c-opt/obj/dm/impls/plex/plexfvm.o
          CC arch-linux-c-opt/obj/dm/impls/plex/plexvtu.o
          CC arch-linux-c-opt/obj/dm/impls/plex/plexindices.o
          CC arch-linux-c-opt/obj/dm/impls/plex/plexgenerate.o
          CC arch-linux-c-opt/obj/dm/impls/plex/plexgmsh.o
          CC arch-linux-c-opt/obj/dm/impls/plex/plexnatural.o
          CC arch-linux-c-opt/obj/dm/impls/plex/plexorient.o
          CC arch-linux-c-opt/obj/dm/impls/plex/plexproject.o
          CC arch-linux-c-opt/obj/dm/impls/plex/plexcheckinterface.o
          CC arch-linux-c-opt/obj/dm/impls/plex/plexglvis.o
          CC arch-linux-c-opt/obj/dm/impls/plex/plexhpddm.o
          CC arch-linux-c-opt/obj/dm/impls/plex/plexsection.o
          CC arch-linux-c-opt/obj/dm/impls/plex/plexegads.o
          CC arch-linux-c-opt/obj/dm/impls/plex/plexegadslite.o
          CC arch-linux-c-opt/obj/dm/impls/plex/plexceed.o
          CC arch-linux-c-opt/obj/dm/impls/plex/f90-custom/zplexf90.o
          CC arch-linux-c-opt/obj/dm/impls/plex/f90-custom/zplexgeometryf90.o
          CC arch-linux-c-opt/obj/dm/impls/plex/f90-custom/zplexsectionf90.o
          CC arch-linux-c-opt/obj/dm/impls/plex/f90-custom/zplexfemf90.o
          CC arch-linux-c-opt/obj/dm/impls/plex/plextree.o
          CC arch-linux-c-opt/obj/dm/impls/plex/plexmetric.o
          CC arch-linux-c-opt/obj/dm/impls/plex/ftn-custom/zplexdistribute.o
          CC arch-linux-c-opt/obj/dm/impls/plex/ftn-custom/zplexcreate.o
          CC arch-linux-c-opt/obj/dm/impls/plex/ftn-custom/zplexsubmesh.o
          CC arch-linux-c-opt/obj/dm/impls/plex/ftn-custom/zplexexodusii.o
          CC arch-linux-c-opt/obj/dm/impls/plex/ftn-custom/zplexgmsh.o
          CC arch-linux-c-opt/obj/dm/impls/plex/ftn-custom/zplexfluent.o
          CC arch-linux-c-opt/obj/dm/impls/plex/ftn-custom/zplexextrude.o
          CC arch-linux-c-opt/obj/dm/impls/plex/transform/interface/ftn-auto/plextransformf.o
          CC arch-linux-c-opt/obj/dm/impls/plex/transform/impls/extrude/ftn-auto/plextrextrudef.o
          CC arch-linux-c-opt/obj/dm/impls/plex/plexfem.o
          CC arch-linux-c-opt/obj/dm/impls/plex/transform/impls/refine/alfeld/plexrefalfeld.o
          CC arch-linux-c-opt/obj/dm/impls/plex/transform/impls/extrude/plextrextrude.o
          CC arch-linux-c-opt/obj/dm/impls/plex/transform/impls/refine/tobox/plexreftobox.o
          CC arch-linux-c-opt/obj/dm/impls/plex/transform/impls/refine/bl/plexrefbl.o
          CC arch-linux-c-opt/obj/dm/impls/plex/transform/impls/refine/regular/plexrefregular.o
          CC arch-linux-c-opt/obj/dm/impls/plex/transform/impls/refine/regular/ftn-auto/plexrefregularf.o
          CC arch-linux-c-opt/obj/dm/impls/plex/transform/impls/filter/plextrfilter.o
          CC arch-linux-c-opt/obj/dm/impls/plex/transform/impls/refine/1d/plexref1d.o
          CC arch-linux-c-opt/obj/dm/impls/plex/transform/interface/plextransform.o
          CC arch-linux-c-opt/obj/dm/impls/plex/ftn-auto/plexcgnsf.o
          CC arch-linux-c-opt/obj/dm/impls/plex/transform/impls/refine/sbr/plexrefsbr.o
          CC arch-linux-c-opt/obj/dm/impls/plex/ftn-auto/plexf.o
          CC arch-linux-c-opt/obj/dm/impls/plex/ftn-auto/plexcheckinterfacef.o
          CC arch-linux-c-opt/obj/dm/impls/plex/ftn-auto/plexcreatef.o
          CC arch-linux-c-opt/obj/dm/impls/plex/ftn-auto/plexdistributef.o
          CC arch-linux-c-opt/obj/dm/impls/plex/ftn-auto/plexegadsf.o
          CC arch-linux-c-opt/obj/dm/impls/plex/ftn-auto/plexexodusiif.o
          CC arch-linux-c-opt/obj/dm/impls/plex/ftn-auto/plexfvmf.o
          CC arch-linux-c-opt/obj/dm/impls/plex/ftn-auto/plexfemf.o
          CC arch-linux-c-opt/obj/dm/impls/plex/ftn-auto/plexgeometryf.o
          CC arch-linux-c-opt/obj/dm/impls/plex/ftn-auto/plexgmshf.o
          CC arch-linux-c-opt/obj/dm/impls/plex/ftn-auto/plexindicesf.o
          CC arch-linux-c-opt/obj/dm/impls/plex/ftn-auto/plexinterpolatef.o
          CC arch-linux-c-opt/obj/dm/impls/plex/ftn-auto/plexnaturalf.o
          CC arch-linux-c-opt/obj/dm/impls/plex/ftn-auto/plexmetricf.o
          CC arch-linux-c-opt/obj/dm/impls/plex/ftn-auto/plexorientf.o
          CC arch-linux-c-opt/obj/dm/impls/plex/ftn-auto/plexpartitionf.o
          CC arch-linux-c-opt/obj/dm/impls/plex/ftn-auto/plexpointf.o
          CC arch-linux-c-opt/obj/dm/impls/plex/ftn-auto/plexprojectf.o
          CC arch-linux-c-opt/obj/dm/impls/plex/ftn-auto/plexrefinef.o
          CC arch-linux-c-opt/obj/dm/impls/plex/ftn-auto/plexreorderf.o
          CC arch-linux-c-opt/obj/dm/impls/plex/ftn-auto/plexsubmeshf.o
          CC arch-linux-c-opt/obj/dm/impls/plex/ftn-auto/plextreef.o
          CC arch-linux-c-opt/obj/dm/field/interface/dmfieldregi.o
          CC arch-linux-c-opt/obj/dm/field/interface/dlregisdmfield.o
          CC arch-linux-c-opt/obj/dm/field/interface/ftn-auto/dmfieldf.o
          CC arch-linux-c-opt/obj/dm/field/interface/dmfield.o
          CC arch-linux-c-opt/obj/dm/field/impls/shell/dmfieldshell.o
          CC arch-linux-c-opt/obj/dm/partitioner/interface/partitioner.o
          CC arch-linux-c-opt/obj/dm/partitioner/interface/partitionerreg.o
          CC arch-linux-c-opt/obj/dm/partitioner/interface/ftn-custom/zpartitioner.o
          CC arch-linux-c-opt/obj/dm/field/impls/da/dmfieldda.o
          CC arch-linux-c-opt/obj/dm/partitioner/interface/ftn-auto/partitionerf.o
          CC arch-linux-c-opt/obj/dm/partitioner/impls/gather/partgather.o
          CC arch-linux-c-opt/obj/dm/partitioner/impls/parmetis/partparmetis.o
          CC arch-linux-c-opt/obj/dm/partitioner/impls/matpart/partmatpart.o
          CC arch-linux-c-opt/obj/dm/partitioner/impls/simple/partsimple.o
          CC arch-linux-c-opt/obj/dm/partitioner/impls/shell/ftn-auto/partshellf.o
          CC arch-linux-c-opt/obj/dm/partitioner/impls/shell/partshell.o
          CC arch-linux-c-opt/obj/dm/partitioner/impls/ptscotch/partptscotch.o
          CC arch-linux-c-opt/obj/dm/partitioner/impls/chaco/partchaco.o
          CC arch-linux-c-opt/obj/dm/field/impls/ds/dmfieldds.o
          CC arch-linux-c-opt/obj/dm/dt/interface/dtds.o
          CC arch-linux-c-opt/obj/dm/dt/interface/dtprob.o
          CC arch-linux-c-opt/obj/dm/dt/interface/dtaltv.o
          CC arch-linux-c-opt/obj/dm/dt/interface/ftn-custom/zdtf.o
          CC arch-linux-c-opt/obj/dm/dt/interface/ftn-custom/zdsf.o
          CC arch-linux-c-opt/obj/dm/dt/interface/ftn-custom/zdtfef.o
          CC arch-linux-c-opt/obj/dm/dt/interface/ftn-auto/dtf.o
          CC arch-linux-c-opt/obj/dm/dt/interface/dtweakform.o
          CC arch-linux-c-opt/obj/dm/dt/interface/ftn-auto/dtaltvf.o
          CC arch-linux-c-opt/obj/dm/dt/interface/dt.o
          CC arch-linux-c-opt/obj/dm/dt/interface/ftn-auto/dtprobf.o
          CC arch-linux-c-opt/obj/dm/dt/interface/ftn-auto/dtdsf.o
          CC arch-linux-c-opt/obj/dm/dt/interface/ftn-auto/dtweakformf.o
          CC arch-linux-c-opt/obj/dm/dt/interface/f90-custom/zdtf90.o
          CC arch-linux-c-opt/obj/dm/dt/interface/f90-custom/zdtdsf90.o
          CC arch-linux-c-opt/obj/dm/dt/fe/interface/feceed.o
          CC arch-linux-c-opt/obj/dm/dt/fe/interface/ftn-custom/zfef.o
          CC arch-linux-c-opt/obj/dm/dt/fe/interface/fegeom.o
          CC arch-linux-c-opt/obj/dm/dt/fe/interface/ftn-auto/fef.o
          CC arch-linux-c-opt/obj/dm/dt/fe/interface/ftn-auto/fegeomf.o
          CC arch-linux-c-opt/obj/dm/dt/fe/impls/composite/fecomposite.o
          CC arch-linux-c-opt/obj/dm/dt/dualspace/interface/ftn-auto/dualspacef.o
          CC arch-linux-c-opt/obj/dm/dt/fe/interface/fe.o
          CC arch-linux-c-opt/obj/dm/dt/dualspace/impls/lagrange/ftn-auto/dspacelagrangef.o
          CC arch-linux-c-opt/obj/dm/dt/dualspace/interface/dualspace.o
          CC arch-linux-c-opt/obj/dm/dt/fe/impls/basic/febasic.o
          CC arch-linux-c-opt/obj/dm/dt/dualspace/impls/simple/ftn-auto/dspacesimplef.o
          CC arch-linux-c-opt/obj/dm/dt/dualspace/impls/simple/dspacesimple.o
          CC arch-linux-c-opt/obj/dm/dt/dualspace/impls/refined/ftn-auto/dualspacerefinedf.o
          CC arch-linux-c-opt/obj/dm/dt/dualspace/impls/refined/dualspacerefined.o
          CC arch-linux-c-opt/obj/dm/dt/space/interface/ftn-auto/spacef.o
          CC arch-linux-c-opt/obj/dm/dt/space/interface/space.o
          CC arch-linux-c-opt/obj/dm/dt/space/impls/poly/ftn-auto/spacepolyf.o
          CC arch-linux-c-opt/obj/dm/dt/space/impls/poly/spacepoly.o
          CC arch-linux-c-opt/obj/dm/dt/space/impls/sum/ftn-auto/spacesumf.o
          CC arch-linux-c-opt/obj/dm/dt/space/impls/sum/spacesum.o
          CC arch-linux-c-opt/obj/dm/dt/space/impls/subspace/spacesubspace.o
          CC arch-linux-c-opt/obj/dm/dt/space/impls/wxy/spacewxy.o
          CC arch-linux-c-opt/obj/dm/dt/space/impls/ptrimmed/ftn-auto/spaceptrimmedf.o
          CC arch-linux-c-opt/obj/dm/dt/space/impls/ptrimmed/spaceptrimmed.o
          CC arch-linux-c-opt/obj/dm/dt/space/impls/tensor/ftn-auto/spacetensorf.o
          CC arch-linux-c-opt/obj/dm/dt/space/impls/point/spacepoint.o
          CC arch-linux-c-opt/obj/dm/dt/space/impls/point/ftn-auto/spacepointf.o
          CC arch-linux-c-opt/obj/dm/dt/fv/interface/ftn-custom/zfvf.o
          CC arch-linux-c-opt/obj/dm/dt/fv/interface/ftn-auto/fvf.o
          CC arch-linux-c-opt/obj/dm/dt/space/impls/tensor/spacetensor.o
          CC arch-linux-c-opt/obj/dm/dt/dualspace/impls/lagrange/dspacelagrange.o
          CC arch-linux-c-opt/obj/ksp/ksp/interface/iguess.o
          CC arch-linux-c-opt/obj/dm/dt/fv/interface/fv.o
          CC arch-linux-c-opt/obj/ksp/ksp/interface/itcl.o
          CC arch-linux-c-opt/obj/ksp/ksp/interface/itres.o
          CC arch-linux-c-opt/obj/ksp/ksp/interface/itcreate.o
          CC arch-linux-c-opt/obj/ksp/ksp/interface/itregis.o
          CC arch-linux-c-opt/obj/ksp/ksp/interface/xmon.o
          CC arch-linux-c-opt/obj/ksp/ksp/interface/itfunc.o
          CC arch-linux-c-opt/obj/ksp/ksp/interface/iterativ.o
          CC arch-linux-c-opt/obj/ksp/ksp/interface/dmksp.o
          CC arch-linux-c-opt/obj/ksp/ksp/interface/dlregisksp.o
          CC arch-linux-c-opt/obj/ksp/ksp/interface/ftn-custom/zitclf.o
          CC arch-linux-c-opt/obj/ksp/ksp/interface/eige.o
          CC arch-linux-c-opt/obj/ksp/ksp/interface/ftn-custom/zitcreatef.o
          CC arch-linux-c-opt/obj/ksp/ksp/interface/ftn-custom/zxonf.o
          CC arch-linux-c-opt/obj/ksp/ksp/interface/ftn-custom/zitfuncf.o
          CC arch-linux-c-opt/obj/ksp/ksp/interface/ftn-custom/zdmkspf.o
          CC arch-linux-c-opt/obj/ksp/ksp/interface/ftn-custom/ziguess.o
          CC arch-linux-c-opt/obj/ksp/ksp/interface/ftn-auto/eigef.o
          CC arch-linux-c-opt/obj/ksp/ksp/interface/ftn-auto/iguessf.o
          CC arch-linux-c-opt/obj/ksp/ksp/interface/ftn-auto/itclf.o
          CC arch-linux-c-opt/obj/ksp/ksp/interface/ftn-auto/itcreatef.o
          CC arch-linux-c-opt/obj/ksp/ksp/interface/ftn-auto/iterativf.o
          CC arch-linux-c-opt/obj/ksp/ksp/interface/ftn-auto/itresf.o
          CC arch-linux-c-opt/obj/ksp/ksp/interface/ftn-auto/itfuncf.o
          CC arch-linux-c-opt/obj/ksp/ksp/interface/f90-custom/zitfuncf90.o
          CC arch-linux-c-opt/obj/ksp/ksp/impls/fetidp/ftn-auto/fetidpf.o
          CC arch-linux-c-opt/obj/ksp/ksp/impls/fcg/ftn-auto/fcgf.o
          CC arch-linux-c-opt/obj/ksp/ksp/impls/lcd/lcd.o
          CC arch-linux-c-opt/obj/ksp/ksp/impls/fcg/pipefcg/ftn-auto/pipefcgf.o
          CC arch-linux-c-opt/obj/ksp/ksp/impls/fcg/fcg.o
          CC arch-linux-c-opt/obj/ksp/ksp/impls/cheby/ftn-auto/chebyf.o
          CC arch-linux-c-opt/obj/ksp/ksp/impls/fcg/pipefcg/pipefcg.o
          CC arch-linux-c-opt/obj/ksp/ksp/impls/lsqr/ftn-auto/lsqrf.o
          CC arch-linux-c-opt/obj/ksp/ksp/impls/fetidp/fetidp.o
          CC arch-linux-c-opt/obj/ksp/ksp/impls/cheby/cheby.o
          CC arch-linux-c-opt/obj/ksp/ksp/impls/preonly/preonly.o
          CC arch-linux-c-opt/obj/ksp/ksp/impls/lsqr/lsqr.o
          CC arch-linux-c-opt/obj/ksp/ksp/impls/minres/minres.o
          CC arch-linux-c-opt/obj/ksp/ksp/impls/cg/cgeig.o
          CC arch-linux-c-opt/obj/ksp/ksp/impls/cg/cgtype.o
          CC arch-linux-c-opt/obj/ksp/ksp/impls/cg/cgls.o
          CC arch-linux-c-opt/obj/ksp/ksp/impls/cg/nash/nash.o
          CC arch-linux-c-opt/obj/ksp/ksp/impls/cg/stcg/stcg.o
          CC arch-linux-c-opt/obj/ksp/ksp/impls/cg/cg.o
          CC arch-linux-c-opt/obj/ksp/ksp/impls/cg/pipecgrr/pipecgrr.o
          CC arch-linux-c-opt/obj/ksp/ksp/impls/cg/pipeprcg/pipeprcg.o
          CC arch-linux-c-opt/obj/ksp/ksp/impls/cg/groppcg/groppcg.o
          CC arch-linux-c-opt/obj/ksp/ksp/impls/cg/cgne/cgne.o
          CC arch-linux-c-opt/obj/ksp/ksp/impls/cg/gltr/ftn-auto/gltrf.o
          CC arch-linux-c-opt/obj/ksp/ksp/impls/cg/ftn-auto/cgtypef.o
          CC arch-linux-c-opt/obj/ksp/ksp/impls/cg/pipecg/pipecg.o
          CC arch-linux-c-opt/obj/ksp/ksp/impls/bcgs/bcgs.o
          CC arch-linux-c-opt/obj/ksp/ksp/impls/cg/pipelcg/pipelcg.o
          CC arch-linux-c-opt/obj/ksp/ksp/impls/cg/gltr/gltr.o
          CC arch-linux-c-opt/obj/ksp/ksp/impls/bcgs/pipebcgs/pipebcgs.o
          CC arch-linux-c-opt/obj/ksp/ksp/impls/cg/pipecg2/pipecg2.o
          CC arch-linux-c-opt/obj/ksp/ksp/impls/bcgs/qmrcgs/qmrcgs.o
          CC arch-linux-c-opt/obj/ksp/ksp/impls/bcgs/fbcgsr/fbcgsr.o
          CC arch-linux-c-opt/obj/ksp/ksp/impls/bcgs/fbcgs/fbcgs.o
          CC arch-linux-c-opt/obj/ksp/ksp/impls/bcgsl/ftn-auto/bcgslf.o
          CC arch-linux-c-opt/obj/ksp/ksp/impls/ibcgs/ibcgs.o
          CC arch-linux-c-opt/obj/ksp/ksp/impls/bicg/bicg.o
          CC arch-linux-c-opt/obj/ksp/ksp/impls/tfqmr/tfqmr.o
          CC arch-linux-c-opt/obj/ksp/ksp/impls/bcgsl/bcgsl.o
          CC arch-linux-c-opt/obj/ksp/ksp/impls/symmlq/symmlq.o
          CC arch-linux-c-opt/obj/ksp/ksp/impls/cr/pipecr/pipecr.o
          CC arch-linux-c-opt/obj/ksp/ksp/impls/cr/cr.o
          CC arch-linux-c-opt/obj/ksp/ksp/impls/cgs/cgs.o
          CC arch-linux-c-opt/obj/ksp/ksp/impls/gmres/borthog.o
          CC arch-linux-c-opt/obj/ksp/ksp/impls/gmres/gmres2.o
          CC arch-linux-c-opt/obj/ksp/ksp/impls/gmres/borthog2.o
          CC arch-linux-c-opt/obj/ksp/ksp/impls/gmres/gmpre.o
          CC arch-linux-c-opt/obj/ksp/ksp/impls/gmres/gmres.o
          CC arch-linux-c-opt/obj/ksp/ksp/impls/gmres/gmreig.o
          CC arch-linux-c-opt/obj/ksp/ksp/impls/gmres/agmres/agmresleja.o
          CC arch-linux-c-opt/obj/ksp/ksp/impls/gmres/agmres/agmresdeflation.o
          CC arch-linux-c-opt/obj/ksp/ksp/impls/gmres/agmres/agmresorthog.o
          CC arch-linux-c-opt/obj/ksp/ksp/impls/gmres/ftn-custom/zgmres2f.o
          CC arch-linux-c-opt/obj/ksp/ksp/impls/gmres/lgmres/lgmres.o
          CC arch-linux-c-opt/obj/ksp/ksp/impls/gmres/agmres/agmres.o
          CC arch-linux-c-opt/obj/ksp/ksp/impls/gmres/pgmres/pgmres.o
          CC arch-linux-c-opt/obj/ksp/ksp/impls/gmres/pipefgmres/ftn-auto/pipefgmresf.o
          CC arch-linux-c-opt/obj/ksp/ksp/impls/gmres/fgmres/modpcf.o
          CC arch-linux-c-opt/obj/ksp/ksp/impls/gmres/pipefgmres/pipefgmres.o
          CC arch-linux-c-opt/obj/ksp/ksp/impls/gmres/fgmres/ftn-custom/zmodpcff.o
          CC arch-linux-c-opt/obj/ksp/ksp/impls/gmres/fgmres/fgmres.o
          CC arch-linux-c-opt/obj/ksp/ksp/impls/gmres/fgmres/ftn-auto/modpcff.o
          CC arch-linux-c-opt/obj/ksp/ksp/impls/gmres/ftn-auto/gmpref.o
          CC arch-linux-c-opt/obj/ksp/ksp/impls/gmres/ftn-auto/gmresf.o
          CC arch-linux-c-opt/obj/ksp/ksp/impls/python/ftn-custom/zpythonkspf.o
          CC arch-linux-c-opt/obj/ksp/ksp/impls/python/pythonksp.o
          CC arch-linux-c-opt/obj/ksp/ksp/impls/rich/ftn-auto/richscalef.o
          CC arch-linux-c-opt/obj/ksp/ksp/impls/rich/richscale.o
          CC arch-linux-c-opt/obj/ksp/ksp/impls/gmres/dgmres/dgmres.o
          CC arch-linux-c-opt/obj/ksp/ksp/impls/gcr/ftn-auto/gcrf.o
          CC arch-linux-c-opt/obj/ksp/ksp/impls/rich/rich.o
          CC arch-linux-c-opt/obj/ksp/ksp/impls/gcr/pipegcr/ftn-auto/pipegcrf.o
          CC arch-linux-c-opt/obj/ksp/ksp/impls/gcr/gcr.o
          CC arch-linux-c-opt/obj/ksp/ksp/impls/tsirm/tsirm.o
          CC arch-linux-c-opt/obj/ksp/ksp/impls/qcg/ftn-auto/qcgf.o
          CC arch-linux-c-opt/obj/ksp/ksp/impls/tcqmr/tcqmr.o
          CC arch-linux-c-opt/obj/ksp/ksp/impls/gcr/pipegcr/pipegcr.o
          CC arch-linux-c-opt/obj/ksp/ksp/impls/qcg/qcg.o
          CC arch-linux-c-opt/obj/ksp/ksp/guess/impls/fischer/ftn-auto/fischerf.o
          CC arch-linux-c-opt/obj/ksp/ksp/utils/kspmatregi.o
          CC arch-linux-c-opt/obj/ksp/ksp/utils/ftn-auto/dmprojectf.o
          CC arch-linux-c-opt/obj/ksp/ksp/guess/impls/fischer/fischer.o
          CC arch-linux-c-opt/obj/ksp/ksp/guess/impls/pod/pod.o
          CC arch-linux-c-opt/obj/ksp/ksp/utils/dmproject.o
          CC arch-linux-c-opt/obj/ksp/ksp/utils/schurm/ftn-auto/schurmf.o
          CC arch-linux-c-opt/obj/ksp/ksp/utils/schurm/schurm.o
          CC arch-linux-c-opt/obj/ksp/ksp/utils/lmvm/lmvmimpl.o
          CC arch-linux-c-opt/obj/ksp/ksp/utils/lmvm/lmvmutils.o
          CC arch-linux-c-opt/obj/ksp/ksp/utils/lmvm/symbrdn/ftn-auto/symbadbrdnf.o
          CC arch-linux-c-opt/obj/ksp/ksp/utils/lmvm/symbrdn/ftn-auto/symbrdnf.o
          CC arch-linux-c-opt/obj/ksp/ksp/utils/lmvm/symbrdn/symbrdn.o
          CC arch-linux-c-opt/obj/ksp/ksp/utils/lmvm/symbrdn/symbadbrdn.o
          CC arch-linux-c-opt/obj/ksp/ksp/utils/lmvm/brdn/ftn-auto/badbrdnf.o
          CC arch-linux-c-opt/obj/ksp/ksp/utils/lmvm/brdn/ftn-auto/brdnf.o
          CC arch-linux-c-opt/obj/ksp/ksp/utils/lmvm/brdn/brdn.o
          CC arch-linux-c-opt/obj/ksp/ksp/utils/lmvm/brdn/badbrdn.o
          CC arch-linux-c-opt/obj/ksp/ksp/utils/lmvm/bfgs/ftn-auto/bfgsf.o
          CC arch-linux-c-opt/obj/ksp/ksp/utils/lmvm/dfp/ftn-auto/dfpf.o
          CC arch-linux-c-opt/obj/ksp/ksp/utils/lmvm/bfgs/bfgs.o
          CC arch-linux-c-opt/obj/ksp/ksp/utils/lmvm/sr1/ftn-auto/sr1f.o
          CC arch-linux-c-opt/obj/ksp/ksp/utils/lmvm/dfp/dfp.o
          CC arch-linux-c-opt/obj/ksp/ksp/utils/lmvm/sr1/sr1.o
          CC arch-linux-c-opt/obj/ksp/ksp/utils/lmvm/diagbrdn/ftn-auto/diagbrdnf.o
          CC arch-linux-c-opt/obj/ksp/ksp/utils/lmvm/ftn-auto/lmvmutilsf.o
          CC arch-linux-c-opt/obj/ksp/pc/interface/pcset.o
          CC arch-linux-c-opt/obj/ksp/pc/interface/pcregis.o
          CC arch-linux-c-opt/obj/ksp/ksp/utils/lmvm/diagbrdn/diagbrdn.o
          CC arch-linux-c-opt/obj/ksp/pc/interface/ftn-custom/zpcsetf.o
          CC arch-linux-c-opt/obj/ksp/pc/interface/ftn-custom/zpreconf.o
          CC arch-linux-c-opt/obj/ksp/pc/interface/ftn-auto/pcsetf.o
          CC arch-linux-c-opt/obj/ksp/pc/interface/ftn-auto/preconf.o
          CC arch-linux-c-opt/obj/ksp/pc/impls/wb/ftn-auto/wbf.o
          CC arch-linux-c-opt/obj/ksp/pc/interface/precon.o
          CC arch-linux-c-opt/obj/ksp/pc/impls/vpbjacobi/vpbjacobi.o
          CC arch-linux-c-opt/obj/ksp/pc/impls/cp/cp.o
          CC arch-linux-c-opt/obj/ksp/pc/impls/factor/factor.o
          CC arch-linux-c-opt/obj/ksp/pc/impls/factor/factimpl.o
          CC arch-linux-c-opt/obj/ksp/pc/impls/factor/ftn-custom/zluf.o
          CC arch-linux-c-opt/obj/ksp/pc/impls/factor/lu/lu.o
          CC arch-linux-c-opt/obj/ksp/pc/impls/wb/wb.o
          CC arch-linux-c-opt/obj/ksp/pc/impls/factor/qr/qr.o
          CC arch-linux-c-opt/obj/ksp/pc/impls/factor/cholesky/ftn-auto/choleskyf.o
          CC arch-linux-c-opt/obj/ksp/pc/impls/factor/ftn-auto/factorf.o
          CC arch-linux-c-opt/obj/ksp/pc/impls/factor/cholesky/cholesky.o
          CC arch-linux-c-opt/obj/ksp/pc/impls/factor/icc/icc.o
          CC arch-linux-c-opt/obj/ksp/pc/impls/factor/ilu/ilu.o
          CC arch-linux-c-opt/obj/ksp/pc/impls/eisens/ftn-auto/eisenf.o
          CC arch-linux-c-opt/obj/ksp/pc/impls/eisens/eisen.o
          CC arch-linux-c-opt/obj/ksp/pc/impls/composite/ftn-custom/zcompositef.o
          CC arch-linux-c-opt/obj/ksp/pc/impls/composite/ftn-auto/compositef.o
          CC arch-linux-c-opt/obj/ksp/pc/impls/tfs/bitmask.o
          CC arch-linux-c-opt/obj/ksp/pc/impls/composite/composite.o
          CC arch-linux-c-opt/obj/ksp/pc/impls/tfs/comm.o
          CC arch-linux-c-opt/obj/ksp/pc/impls/tfs/gs.o
          CC arch-linux-c-opt/obj/ksp/pc/impls/tfs/xxt.o
          CC arch-linux-c-opt/obj/ksp/pc/impls/tfs/ivec.o
          CC arch-linux-c-opt/obj/ksp/pc/impls/tfs/tfs.o
          CC arch-linux-c-opt/obj/ksp/pc/impls/tfs/xyt.o
          CC arch-linux-c-opt/obj/ksp/pc/impls/bddc/bddcscalingbasic.o
          CC arch-linux-c-opt/obj/ksp/pc/impls/bddc/bddcnullspace.o
          CC arch-linux-c-opt/obj/ksp/pc/impls/bddc/bddcgraph.o
          CC arch-linux-c-opt/obj/ksp/pc/impls/bddc/bddc.o
          CC arch-linux-c-opt/obj/ksp/pc/impls/bddc/ftn-auto/bddcf.o
          CC arch-linux-c-opt/obj/ksp/pc/impls/bddc/bddcfetidp.o
          CC arch-linux-c-opt/obj/ksp/pc/impls/pbjacobi/pbjacobi.o
          CC arch-linux-c-opt/obj/ksp/pc/impls/kaczmarz/kaczmarz.o
          CC arch-linux-c-opt/obj/ksp/pc/impls/svd/svd.o
          CC arch-linux-c-opt/obj/ksp/pc/impls/deflation/deflationspace.o
          CC arch-linux-c-opt/obj/ksp/pc/impls/deflation/deflation.o
          CC arch-linux-c-opt/obj/ksp/pc/impls/deflation/ftn-auto/deflationf.o
          CC arch-linux-c-opt/obj/ksp/pc/impls/galerkin/ftn-auto/galerkinf.o
          CC arch-linux-c-opt/obj/ksp/pc/impls/galerkin/galerkin.o
          CC arch-linux-c-opt/obj/ksp/pc/impls/hypre/ftn-custom/zhypref.o
          CC arch-linux-c-opt/obj/ksp/pc/impls/hypre/ftn-auto/hypref.o
          CC arch-linux-c-opt/obj/ksp/pc/impls/bddc/bddcschurs.o
          CC arch-linux-c-opt/obj/ksp/pc/impls/sor/sor.o
          CC arch-linux-c-opt/obj/ksp/pc/impls/sor/ftn-auto/sorf.o
          CC arch-linux-c-opt/obj/ksp/pc/impls/jacobi/ftn-auto/jacobif.o
          CC arch-linux-c-opt/obj/ksp/pc/impls/jacobi/jacobi.o
          CC arch-linux-c-opt/obj/ksp/pc/impls/gasm/ftn-custom/zgasmf.o
          CC arch-linux-c-opt/obj/ksp/pc/impls/gasm/ftn-auto/gasmf.o
          CC arch-linux-c-opt/obj/ksp/pc/impls/redundant/redundant.o
          CC arch-linux-c-opt/obj/ksp/pc/impls/redundant/ftn-auto/redundantf.o
          CC arch-linux-c-opt/obj/ksp/pc/impls/gasm/gasm.o
          CC arch-linux-c-opt/obj/ksp/pc/impls/asm/ftn-custom/zasmf.o
          CC arch-linux-c-opt/obj/ksp/pc/impls/hypre/hypre.o
          CC arch-linux-c-opt/obj/ksp/pc/impls/asm/ftn-auto/asmf.o
          CC arch-linux-c-opt/obj/ksp/pc/impls/is/pcis.o
          CC arch-linux-c-opt/obj/ksp/pc/impls/is/nn/nn.o
          CC arch-linux-c-opt/obj/ksp/pc/impls/is/ftn-auto/pcisf.o
          CC arch-linux-c-opt/obj/ksp/pc/impls/asm/asm.o
          CC arch-linux-c-opt/obj/ksp/pc/impls/lsc/lsc.o
          CC arch-linux-c-opt/obj/ksp/pc/impls/redistribute/ftn-auto/redistributef.o
          CC arch-linux-c-opt/obj/ksp/pc/impls/mat/pcmat.o
          CC arch-linux-c-opt/obj/ksp/pc/impls/redistribute/redistribute.o
          CC arch-linux-c-opt/obj/ksp/pc/impls/gamg/gamg.o
          CC arch-linux-c-opt/obj/ksp/pc/impls/gamg/agg.o
          CC arch-linux-c-opt/obj/ksp/pc/impls/gamg/geo.o
          CC arch-linux-c-opt/obj/ksp/pc/impls/gamg/util.o
          CC arch-linux-c-opt/obj/ksp/pc/impls/gamg/ftn-custom/zgamgf.o
          CC arch-linux-c-opt/obj/ksp/pc/impls/bddc/bddcprivate.o
          CC arch-linux-c-opt/obj/ksp/pc/impls/gamg/ftn-auto/aggf.o
          CC arch-linux-c-opt/obj/ksp/pc/impls/gamg/ftn-auto/gamgf.o
          CC arch-linux-c-opt/obj/ksp/pc/impls/gamg/classical.o
          CC arch-linux-c-opt/obj/ksp/pc/impls/fieldsplit/ftn-custom/zfieldsplitf.o
          CC arch-linux-c-opt/obj/ksp/pc/impls/fieldsplit/ftn-auto/fieldsplitf.o
          CC arch-linux-c-opt/obj/ksp/pc/impls/telescope/telescope.o
          CC arch-linux-c-opt/obj/ksp/pc/impls/telescope/telescope_dmda.o
          CC arch-linux-c-opt/obj/ksp/pc/impls/telescope/telescope_coarsedm.o
          CC arch-linux-c-opt/obj/ksp/pc/impls/telescope/ftn-auto/telescopef.o
          CC arch-linux-c-opt/obj/ksp/pc/impls/hmg/ftn-auto/hmgf.o
          CC arch-linux-c-opt/obj/ksp/pc/impls/hmg/hmg.o
          CC arch-linux-c-opt/obj/ksp/pc/impls/shell/shellpc.o
          CC arch-linux-c-opt/obj/ksp/pc/impls/shell/ftn-custom/zshellpcf.o
          CC arch-linux-c-opt/obj/ksp/pc/impls/fieldsplit/fieldsplit.o
          CC arch-linux-c-opt/obj/ksp/pc/impls/shell/ftn-auto/shellpcf.o
          CC arch-linux-c-opt/obj/ksp/pc/impls/bjacobi/ftn-custom/zbjacobif.o
          CC arch-linux-c-opt/obj/ksp/pc/impls/bjacobi/ftn-auto/bjacobif.o
          CC arch-linux-c-opt/obj/ksp/pc/impls/patch/pcpatch.o
          CC arch-linux-c-opt/obj/ksp/pc/impls/lmvm/ftn-auto/lmvmpcf.o
          CC arch-linux-c-opt/obj/ksp/pc/impls/python/pythonpc.o
          CC arch-linux-c-opt/obj/ksp/pc/impls/lmvm/lmvmpc.o
          CC arch-linux-c-opt/obj/ksp/pc/impls/python/ftn-custom/zpythonpcf.o
          CC arch-linux-c-opt/obj/ksp/pc/impls/none/none.o
          CC arch-linux-c-opt/obj/ksp/pc/impls/mg/fmg.o
          CC arch-linux-c-opt/obj/ksp/pc/impls/mg/smg.o
          CC arch-linux-c-opt/obj/ksp/pc/impls/bjacobi/bjacobi.o
          CC arch-linux-c-opt/obj/ksp/pc/impls/mg/ftn-custom/zmgf.o
          CC arch-linux-c-opt/obj/ksp/pc/impls/mg/mgadapt.o
          CC arch-linux-c-opt/obj/ksp/pc/impls/mg/mgfunc.o
          CC arch-linux-c-opt/obj/ksp/pc/impls/mg/ftn-custom/zmgfuncf.o
          CC arch-linux-c-opt/obj/ksp/pc/impls/mg/ftn-auto/mgf.o
          CC arch-linux-c-opt/obj/ksp/pc/impls/mg/ftn-auto/mgfuncf.o
          CC arch-linux-c-opt/obj/ksp/pc/impls/ksp/ftn-auto/pckspf.o
          CC arch-linux-c-opt/obj/ksp/pc/impls/ksp/pcksp.o
          CC arch-linux-c-opt/obj/snes/interface/snesregi.o
          CC arch-linux-c-opt/obj/ksp/pc/impls/mg/mg.o
          CC arch-linux-c-opt/obj/snes/interface/snesj.o
          CC arch-linux-c-opt/obj/snes/interface/snesj2.o
          CC arch-linux-c-opt/obj/snes/interface/dlregissnes.o
          CC arch-linux-c-opt/obj/snes/interface/snesut.o
          CC arch-linux-c-opt/obj/snes/interface/snespc.o
          CC arch-linux-c-opt/obj/snes/interface/snesob.o
          CC arch-linux-c-opt/obj/snes/interface/noise/snesdnest.o
          CC arch-linux-c-opt/obj/snes/interface/noise/snesmfj2.o
          CC arch-linux-c-opt/obj/snes/interface/noise/snesnoise.o
          CC arch-linux-c-opt/obj/snes/interface/f90-custom/zsnesf90.o
          CC arch-linux-c-opt/obj/snes/interface/ftn-auto/snespcf.o
          CC arch-linux-c-opt/obj/snes/interface/ftn-auto/snesf.o
          CC arch-linux-c-opt/obj/snes/interface/ftn-custom/zsnesf.o
          CC arch-linux-c-opt/obj/snes/impls/python/pythonsnes.o
          CC arch-linux-c-opt/obj/snes/impls/python/ftn-custom/zpythonsf.o
          CC arch-linux-c-opt/obj/snes/impls/qn/ftn-auto/qnf.o
          CC arch-linux-c-opt/obj/snes/impls/qn/qn.o
          CC arch-linux-c-opt/obj/snes/interface/snes.o
          CC arch-linux-c-opt/obj/snes/impls/ms/ms.o
          CC arch-linux-c-opt/obj/snes/impls/ntrdc/ftn-auto/ntrdcf.o
          CC arch-linux-c-opt/obj/snes/impls/ntrdc/ntrdc.o
          CC arch-linux-c-opt/obj/snes/impls/richardson/snesrichardson.o
          CC arch-linux-c-opt/obj/snes/impls/ncg/ftn-auto/snesncgf.o
          CC arch-linux-c-opt/obj/snes/impls/ncg/snesncg.o
          CC arch-linux-c-opt/obj/snes/impls/vi/ftn-auto/vif.o
          CC arch-linux-c-opt/obj/snes/impls/ls/ls.o
          CC arch-linux-c-opt/obj/snes/impls/vi/vi.o
          CC arch-linux-c-opt/obj/snes/impls/vi/ss/viss.o
          CC arch-linux-c-opt/obj/snes/impls/patch/snespatch.o
          CC arch-linux-c-opt/obj/snes/impls/vi/rs/virs.o
          CC arch-linux-c-opt/obj/snes/impls/multiblock/ftn-auto/multiblockf.o
          CC arch-linux-c-opt/obj/snes/impls/multiblock/multiblock.o
          CC arch-linux-c-opt/obj/snes/impls/ngmres/anderson.o
          CC arch-linux-c-opt/obj/snes/impls/ngmres/ngmresfunc.o
          CC arch-linux-c-opt/obj/snes/impls/ngmres/snesngmres.o
          CC arch-linux-c-opt/obj/snes/impls/ngmres/ftn-auto/snesngmresf.o
          CC arch-linux-c-opt/obj/snes/impls/fas/fasgalerkin.o
          CC arch-linux-c-opt/obj/snes/impls/tr/tr.o
          CC arch-linux-c-opt/obj/snes/impls/fas/ftn-auto/fasf.o
          CC arch-linux-c-opt/obj/snes/impls/fas/ftn-auto/fasgalerkinf.o
          CC arch-linux-c-opt/obj/snes/impls/fas/fasfunc.o
          CC arch-linux-c-opt/obj/snes/impls/fas/ftn-auto/fasfuncf.o
          CC arch-linux-c-opt/obj/snes/impls/shell/ftn-custom/zsnesshellf.o
          CC arch-linux-c-opt/obj/snes/impls/shell/snesshell.o
          CC arch-linux-c-opt/obj/snes/impls/shell/ftn-auto/snesshellf.o
          CC arch-linux-c-opt/obj/snes/impls/fas/fas.o
          CC arch-linux-c-opt/obj/snes/impls/composite/ftn-auto/snescompositef.o
          CC arch-linux-c-opt/obj/snes/impls/gs/ftn-auto/snesgsf.o
          CC arch-linux-c-opt/obj/snes/impls/gs/snesgs.o
          CC arch-linux-c-opt/obj/snes/impls/gs/gssecant.o
          CC arch-linux-c-opt/obj/snes/impls/ksponly/ksponly.o
          CC arch-linux-c-opt/obj/snes/impls/nasm/aspin.o
          CC arch-linux-c-opt/obj/snes/impls/composite/snescomposite.o
          CC arch-linux-c-opt/obj/snes/impls/nasm/ftn-auto/nasmf.o
          CC arch-linux-c-opt/obj/snes/utils/dmsnes.o
          CC arch-linux-c-opt/obj/snes/impls/nasm/nasm.o
          CC arch-linux-c-opt/obj/snes/utils/dmdasnes.o
          CC arch-linux-c-opt/obj/snes/utils/dmlocalsnes.o
          CC arch-linux-c-opt/obj/snes/utils/ftn-custom/zdmdasnesf.o
          CC arch-linux-c-opt/obj/snes/utils/ftn-custom/zdmlocalsnesf.o
          CC arch-linux-c-opt/obj/snes/utils/convest.o
          CC arch-linux-c-opt/obj/snes/utils/ftn-auto/convestf.o
          CC arch-linux-c-opt/obj/snes/utils/ftn-custom/zdmsnesf.o
          CC arch-linux-c-opt/obj/snes/utils/dmadapt.o
          CC arch-linux-c-opt/obj/snes/utils/ftn-auto/dmadaptf.o
          CC arch-linux-c-opt/obj/snes/utils/ftn-auto/dmplexsnesf.o
          CC arch-linux-c-opt/obj/snes/mf/ftn-auto/snesmfjf.o
          CC arch-linux-c-opt/obj/snes/mf/snesmfj.o
          CC arch-linux-c-opt/obj/snes/linesearch/interface/linesearchregi.o
          CC arch-linux-c-opt/obj/snes/linesearch/interface/ftn-custom/zlinesearchf.o
          CC arch-linux-c-opt/obj/snes/utils/dmplexsnes.o
          CC arch-linux-c-opt/obj/snes/linesearch/interface/linesearch.o
          CC arch-linux-c-opt/obj/snes/linesearch/interface/ftn-auto/linesearchf.o
          CC arch-linux-c-opt/obj/snes/linesearch/impls/basic/linesearchbasic.o
          CC arch-linux-c-opt/obj/snes/linesearch/impls/cp/linesearchcp.o
          CC arch-linux-c-opt/obj/snes/linesearch/impls/bt/ftn-auto/linesearchbtf.o
          CC arch-linux-c-opt/obj/snes/linesearch/impls/l2/linesearchl2.o
          CC arch-linux-c-opt/obj/snes/linesearch/impls/shell/linesearchshell.o
          CC arch-linux-c-opt/obj/snes/linesearch/impls/shell/ftn-custom/zlinesearchshellf.o
          CC arch-linux-c-opt/obj/snes/linesearch/impls/bt/linesearchbt.o
          CC arch-linux-c-opt/obj/ts/interface/tscreate.o
          CC arch-linux-c-opt/obj/ts/interface/tsreg.o
          CC arch-linux-c-opt/obj/snes/linesearch/impls/nleqerr/linesearchnleqerr.o
          CC arch-linux-c-opt/obj/ts/interface/tsregall.o
          CC arch-linux-c-opt/obj/ts/interface/dlregists.o
          CC arch-linux-c-opt/obj/ts/interface/tseig.o
          CC arch-linux-c-opt/obj/ts/interface/tsrhssplit.o
          CC arch-linux-c-opt/obj/ts/interface/tshistory.o
          CC arch-linux-c-opt/obj/ts/interface/ftn-custom/ztscreatef.o
          CC arch-linux-c-opt/obj/ts/interface/ftn-custom/ztsregf.o
          CC arch-linux-c-opt/obj/ts/interface/ftn-custom/ztsf.o
          CC arch-linux-c-opt/obj/ts/interface/ftn-auto/tsf.o
          CC arch-linux-c-opt/obj/ts/interface/tsmon.o
          CC arch-linux-c-opt/obj/ts/interface/sensitivity/ftn-auto/tssenf.o
          CC arch-linux-c-opt/obj/ts/adapt/interface/ftn-custom/ztsadaptf.o
          CC arch-linux-c-opt/obj/ts/interface/sensitivity/tssen.o
          CC arch-linux-c-opt/obj/ts/adapt/interface/tsadapt.o
          CC arch-linux-c-opt/obj/ts/adapt/interface/ftn-auto/tsadaptf.o
          CC arch-linux-c-opt/obj/ts/adapt/impls/dsp/ftn-custom/zadaptdspf.o
          CC arch-linux-c-opt/obj/ts/adapt/impls/dsp/adaptdsp.o
          CC arch-linux-c-opt/obj/ts/interface/ts.o
          CC arch-linux-c-opt/obj/ts/adapt/impls/dsp/ftn-auto/adaptdspf.o
          CC arch-linux-c-opt/obj/ts/adapt/impls/cfl/adaptcfl.o
          CC arch-linux-c-opt/obj/ts/adapt/impls/none/adaptnone.o
          CC arch-linux-c-opt/obj/ts/adapt/impls/basic/adaptbasic.o
          CC arch-linux-c-opt/obj/ts/adapt/impls/glee/adaptglee.o
          CC arch-linux-c-opt/obj/ts/adapt/impls/history/ftn-auto/adapthistf.o
          CC arch-linux-c-opt/obj/ts/adapt/impls/history/adapthist.o
          CC arch-linux-c-opt/obj/ts/event/ftn-auto/tseventf.o
          CC arch-linux-c-opt/obj/ts/impls/python/pythonts.o
          CC arch-linux-c-opt/obj/ts/impls/python/ftn-custom/zpythontf.o
          CC arch-linux-c-opt/obj/ts/event/tsevent.o
          CC arch-linux-c-opt/obj/ts/impls/pseudo/ftn-auto/posindepf.o
          CC arch-linux-c-opt/obj/ts/impls/pseudo/posindep.o
          CC arch-linux-c-opt/obj/ts/impls/symplectic/basicsymplectic/basicsymplectic.o
          CC arch-linux-c-opt/obj/ts/impls/arkimex/ftn-custom/zarkimexf.o
          CC arch-linux-c-opt/obj/ts/impls/arkimex/ftn-auto/arkimexf.o
          CC arch-linux-c-opt/obj/ts/impls/implicit/alpha/ftn-auto/alpha1f.o
          CC arch-linux-c-opt/obj/ts/impls/implicit/alpha/ftn-auto/alpha2f.o
          CC arch-linux-c-opt/obj/ts/impls/implicit/alpha/alpha1.o
          CC arch-linux-c-opt/obj/ts/impls/implicit/alpha/alpha2.o
          CC arch-linux-c-opt/obj/ts/impls/implicit/discgrad/ftn-auto/tsdiscgradf.o
          CC arch-linux-c-opt/obj/ts/impls/arkimex/arkimex.o
          CC arch-linux-c-opt/obj/ts/impls/implicit/discgrad/tsdiscgrad.o
          CC arch-linux-c-opt/obj/ts/impls/implicit/theta/ftn-auto/thetaf.o
          CC arch-linux-c-opt/obj/ts/impls/implicit/irk/irk.o
          CC arch-linux-c-opt/obj/ts/impls/implicit/glle/glleadapt.o
          CC arch-linux-c-opt/obj/ts/impls/implicit/theta/theta.o
          CC arch-linux-c-opt/obj/ts/impls/glee/glee.o
          CC arch-linux-c-opt/obj/ts/impls/multirate/mprk.o
          CC arch-linux-c-opt/obj/ts/impls/explicit/rk/ftn-custom/zrkf.o
          CC arch-linux-c-opt/obj/ts/impls/explicit/rk/ftn-auto/rkf.o
          CC arch-linux-c-opt/obj/ts/impls/explicit/rk/mrk.o
          CC arch-linux-c-opt/obj/ts/impls/explicit/rk/rk.o
          CC arch-linux-c-opt/obj/ts/impls/explicit/euler/euler.o
          CC arch-linux-c-opt/obj/ts/impls/explicit/ssp/ftn-custom/zsspf.o
          CC arch-linux-c-opt/obj/ts/impls/explicit/ssp/ftn-auto/sspf.o
          CC arch-linux-c-opt/obj/ts/impls/implicit/glle/glle.o
          CC arch-linux-c-opt/obj/ts/impls/explicit/ssp/ssp.o
          CC arch-linux-c-opt/obj/ts/impls/rosw/ftn-custom/zroswf.o
          CC arch-linux-c-opt/obj/ts/impls/mimex/mimex.o
          CC arch-linux-c-opt/obj/ts/impls/bdf/ftn-auto/bdff.o
          CC arch-linux-c-opt/obj/ts/impls/bdf/bdf.o
          CC arch-linux-c-opt/obj/ts/characteristic/interface/mocregis.o
          CC arch-linux-c-opt/obj/ts/impls/eimex/eimex.o
          CC arch-linux-c-opt/obj/ts/impls/rosw/rosw.o
          CC arch-linux-c-opt/obj/ts/characteristic/interface/slregis.o
          CC arch-linux-c-opt/obj/ts/characteristic/interface/ftn-auto/characteristicf.o
          CC arch-linux-c-opt/obj/ts/characteristic/impls/da/slda.o
          CC arch-linux-c-opt/obj/ts/characteristic/interface/characteristic.o
          CC arch-linux-c-opt/obj/ts/utils/dmts.o
          CC arch-linux-c-opt/obj/ts/utils/dmlocalts.o
          CC arch-linux-c-opt/obj/ts/utils/dmdats.o
          CC arch-linux-c-opt/obj/ts/utils/dmnetworkts.o
          CC arch-linux-c-opt/obj/ts/utils/dmplexts.o
          CC arch-linux-c-opt/obj/ts/utils/tsconvest.o
          CC arch-linux-c-opt/obj/ts/utils/dmplexlandau/ftn-custom/zlandaucreate.o
          CC arch-linux-c-opt/obj/ts/utils/dmplexlandau/ftn-auto/plexlandf.o
          CC arch-linux-c-opt/obj/ts/utils/ftn-auto/dmplextsf.o
          CC arch-linux-c-opt/obj/ts/trajectory/interface/ftn-custom/ztrajf.o
          CC arch-linux-c-opt/obj/ts/trajectory/interface/ftn-auto/trajf.o
          CC arch-linux-c-opt/obj/ts/trajectory/impls/visualization/trajvisualization.o
          CC arch-linux-c-opt/obj/ts/trajectory/impls/singlefile/singlefile.o
          CC arch-linux-c-opt/obj/ts/trajectory/interface/traj.o
          CC arch-linux-c-opt/obj/ts/trajectory/impls/basic/trajbasic.o
          CC arch-linux-c-opt/obj/ts/trajectory/utils/reconstruct.o
          CC arch-linux-c-opt/obj/tao/matrix/adamat.o
          CC arch-linux-c-opt/obj/tao/matrix/submatfree.o
          CC arch-linux-c-opt/obj/ts/trajectory/impls/memory/trajmemory.o
          CC arch-linux-c-opt/obj/tao/interface/taosolverregi.o
          CC arch-linux-c-opt/obj/tao/interface/taosolver_fg.o
          CC arch-linux-c-opt/obj/tao/interface/taosolver_bounds.o
          CC arch-linux-c-opt/obj/tao/interface/taosolver_hj.o
          CC arch-linux-c-opt/obj/tao/interface/taosolver.o
          CC arch-linux-c-opt/obj/tao/interface/dlregistao.o
          CC arch-linux-c-opt/obj/tao/interface/fdiff.o
          CC arch-linux-c-opt/obj/tao/interface/ftn-auto/taosolverf.o
          CC arch-linux-c-opt/obj/tao/interface/ftn-auto/taosolver_boundsf.o
          CC arch-linux-c-opt/obj/tao/interface/ftn-custom/ztaosolverf.o
          CC arch-linux-c-opt/obj/tao/interface/ftn-auto/taosolver_fgf.o
          CC arch-linux-c-opt/obj/tao/interface/ftn-auto/taosolver_hjf.o
          CC arch-linux-c-opt/obj/tao/python/pythontao.o
          CC arch-linux-c-opt/obj/tao/python/ftn-custom/zpythontaof.o
          CC arch-linux-c-opt/obj/tao/constrained/impls/admm/ftn-custom/zadmmf.o
          CC arch-linux-c-opt/obj/tao/constrained/impls/admm/ftn-auto/admmf.o
          CC arch-linux-c-opt/obj/ts/utils/dmplexlandau/plexland.o
          CC arch-linux-c-opt/obj/tao/constrained/impls/admm/admm.o
          CC arch-linux-c-opt/obj/tao/constrained/impls/almm/almm.o
          CC arch-linux-c-opt/obj/tao/constrained/impls/almm/almmutils.o
          CC arch-linux-c-opt/obj/tao/constrained/impls/almm/ftn-auto/almmutilsf.o
          CC arch-linux-c-opt/obj/tao/constrained/impls/ipm/ipm.o
          CC arch-linux-c-opt/obj/tao/unconstrained/impls/neldermead/neldermead.o
          CC arch-linux-c-opt/obj/tao/unconstrained/impls/cg/taocg.o
          CC arch-linux-c-opt/obj/tao/unconstrained/impls/ntr/ntr.o
          CC arch-linux-c-opt/obj/tao/constrained/impls/ipm/pdipm.o
          CC arch-linux-c-opt/obj/tao/unconstrained/impls/owlqn/owlqn.o
          CC arch-linux-c-opt/obj/tao/unconstrained/impls/ntl/ntl.o
          CC arch-linux-c-opt/obj/tao/unconstrained/impls/lmvm/lmvm.o
          CC arch-linux-c-opt/obj/tao/complementarity/impls/asls/asils.o
          CC arch-linux-c-opt/obj/tao/unconstrained/impls/nls/nls.o
          CC arch-linux-c-opt/obj/tao/complementarity/impls/ssls/ssls.o
          CC arch-linux-c-opt/obj/tao/complementarity/impls/asls/asfls.o
          CC arch-linux-c-opt/obj/tao/unconstrained/impls/bmrm/bmrm.o
          CC arch-linux-c-opt/obj/tao/complementarity/impls/ssls/ssils.o
          CC arch-linux-c-opt/obj/tao/complementarity/impls/ssls/ssfls.o
          CC arch-linux-c-opt/obj/tao/quadratic/impls/gpcg/gpcg.o
          CC arch-linux-c-opt/obj/tao/quadratic/impls/bqpip/bqpip.o
          CC arch-linux-c-opt/obj/tao/leastsquares/impls/pounders/gqt.o
          CC arch-linux-c-opt/obj/tao/leastsquares/impls/brgn/ftn-custom/zbrgnf.o
          CC arch-linux-c-opt/obj/tao/leastsquares/impls/brgn/ftn-auto/brgnf.o
          CC arch-linux-c-opt/obj/tao/leastsquares/impls/brgn/brgn.o
          CC arch-linux-c-opt/obj/tao/bound/impls/bqnk/bqnkls.o
          CC arch-linux-c-opt/obj/tao/bound/impls/bqnk/bqnk.o
          CC arch-linux-c-opt/obj/tao/bound/impls/bqnk/bqnktr.o
          CC arch-linux-c-opt/obj/tao/bound/impls/bqnk/bqnktl.o
          CC arch-linux-c-opt/obj/tao/bound/impls/bqnk/ftn-auto/bqnkf.o
          CC arch-linux-c-opt/obj/tao/pde_constrained/impls/lcl/lcl.o
          CC arch-linux-c-opt/obj/tao/bound/impls/bqnls/bqnls.o
          CC arch-linux-c-opt/obj/tao/bound/impls/bnk/bnls.o
          CC arch-linux-c-opt/obj/tao/bound/impls/bnk/bntr.o
          CC arch-linux-c-opt/obj/tao/leastsquares/impls/pounders/pounders.o
          CC arch-linux-c-opt/obj/tao/bound/impls/bnk/bntl.o
          CC arch-linux-c-opt/obj/tao/bound/impls/blmvm/ftn-auto/blmvmf.o
          CC arch-linux-c-opt/obj/tao/bound/impls/blmvm/blmvm.o
          CC arch-linux-c-opt/obj/tao/bound/impls/bnk/bnk.o
          CC arch-linux-c-opt/obj/tao/bound/impls/tron/tron.o
          CC arch-linux-c-opt/obj/tao/bound/utils/isutil.o
          CC arch-linux-c-opt/obj/tao/util/ftn-auto/tao_utilf.o
          CC arch-linux-c-opt/obj/tao/bound/impls/bncg/bncg.o
          CC arch-linux-c-opt/obj/tao/util/tao_util.o
          CC arch-linux-c-opt/obj/tao/shell/taoshell.o
          CC arch-linux-c-opt/obj/tao/shell/ftn-auto/taoshellf.o
          CC arch-linux-c-opt/obj/tao/linesearch/interface/dlregis_taolinesearch.o
          CC arch-linux-c-opt/obj/tao/linesearch/interface/ftn-auto/taolinesearchf.o
          CC arch-linux-c-opt/obj/tao/linesearch/interface/ftn-custom/ztaolinesearchf.o
          CC arch-linux-c-opt/obj/tao/linesearch/interface/taolinesearch.o
          CC arch-linux-c-opt/obj/tao/linesearch/impls/unit/unit.o
          CC arch-linux-c-opt/obj/tao/linesearch/impls/owarmijo/owarmijo.o
          CC arch-linux-c-opt/obj/tao/linesearch/impls/armijo/armijo.o
          FC arch-linux-c-opt/obj/sys/objects/f2003-src/fsrc/optionenum.o
          CC arch-linux-c-opt/obj/tao/linesearch/impls/gpcglinesearch/gpcglinesearch.o
          FC arch-linux-c-opt/obj/sys/classes/bag/f2003-src/fsrc/bagenum.o
          CC arch-linux-c-opt/obj/tao/linesearch/impls/morethuente/morethuente.o
          FC arch-linux-c-opt/obj/dm/f90-mod/petscdmswarmmod.o
          FC arch-linux-c-opt/obj/dm/f90-mod/petscdmdamod.o
          FC arch-linux-c-opt/obj/dm/f90-mod/petscdmplexmod.o
          FC arch-linux-c-opt/obj/ksp/f90-mod/petsckspdefmod.o
          FC arch-linux-c-opt/obj/ksp/f90-mod/petscpcmod.o
          FC arch-linux-c-opt/obj/ksp/f90-mod/petsckspmod.o
          FC arch-linux-c-opt/obj/snes/f90-mod/petscsnesmod.o
          FC arch-linux-c-opt/obj/ts/f90-mod/petsctsmod.o
          FC arch-linux-c-opt/obj/tao/f90-mod/petsctaomod.o
     CLINKER arch-linux-c-opt/lib/libpetsc.so.3.17.4
=========================================
Now to install the libraries do:
make PETSC_DIR=/ssd_scratch/petsc-bout/petsc-3.17.4 PETSC_ARCH=arch-linux-c-opt install
=========================================
/ssd_scratch/scripts/.venv/bin/python3 /ssd_scratch/petsc-bout/petsc-3.17.4/config/gmakegentest.py --petsc-dir=/ssd_scratch/petsc-bout/petsc-3.17.4 --petsc-arch=arch-linux-c-opt --testdir=./arch-linux-c-opt/tests
*** Using PETSC_DIR=/ssd_scratch/petsc-bout/petsc-3.17.4 PETSC_ARCH=arch-linux-c-opt ***
*** Installing PETSc at prefix location: /ssd_scratch/petsc-bout/petsc-build  ***
====================================
Install complete.
Now to check if the libraries are working do (in current directory):
make PETSC_DIR=/ssd_scratch/petsc-bout/petsc-build PETSC_ARCH="" check
====================================
/usr/bin/make  --no-print-directory -f makefile PETSC_ARCH=arch-linux-c-opt PETSC_DIR=/ssd_scratch/petsc-bout/petsc-3.17.4 petsc4py-install libmesh-install mfem-install slepc-install hpddm-install amrex-install bamg-install
make[2]: Nothing to be done for 'petsc4py-install'.
make[2]: Nothing to be done for 'libmesh-install'.
make[2]: Nothing to be done for 'mfem-install'.
make[2]: Nothing to be done for 'slepc-install'.
make[2]: Nothing to be done for 'hpddm-install'.
make[2]: Nothing to be done for 'amrex-install'.
make[2]: Nothing to be done for 'bamg-install'.
Running check examples to verify correct installation
Using PETSC_DIR=/ssd_scratch/petsc-bout/petsc-3.17.4/../petsc-build and PETSC_ARCH=
Possible error running C/C++ src/snes/tutorials/ex19 with 1 MPI process
See https://petsc.org/release/faq/
lid velocity = 0.0016, prandtl # = 1., grashof # = 1.
[0]PETSC ERROR: ------------------------------------------------------------------------
[0]PETSC ERROR: Caught signal number 4 Illegal instruction: Likely due to memory corruption
[0]PETSC ERROR: Try option -start_in_debugger or -on_error_attach_debugger
[0]PETSC ERROR: or see https://petsc.org/release/faq/#valgrind
[0]PETSC ERROR: or try http://valgrind.org on GNU/linux and Apple MacOS to find memory corruption errors
[0]PETSC ERROR: configure using --with-debugging=yes, recompile, link, and run 
[0]PETSC ERROR: to get more information on the crash.
[0]PETSC ERROR: --------------------- Error Message --------------------------------------------------------------
[0]PETSC ERROR: Signal received
[0]PETSC ERROR: See https://petsc.org/release/faq/ for trouble shooting.
[0]PETSC ERROR: Petsc Release Version 3.17.4, Aug 01, 2022 
[0]PETSC ERROR: ./ex19 on a  named fusion131 by mjk557 Tue Aug 20 13:00:16 2024
[0]PETSC ERROR: Configure options COPTFLAGS=-O3 CXXOPTFLAGS=-O3 FOPTFLAGS=-O3 --download-hypre --with-debugging=0 --prefix=../petsc-build -on-error-attach-debugger
[0]PETSC ERROR: #1 User provided function() at unknown file:0
--------------------------------------------------------------------------
MPI_ABORT was invoked on rank 0 in communicator MPI_COMM_WORLD
with errorcode 59.

NOTE: invoking MPI_ABORT causes Open MPI to kill all MPI processes.
You may or may not see output from other processes, depending on
exactly when Open MPI kills them.
--------------------------------------------------------------------------
Possible error running C/C++ src/snes/tutorials/ex19 with 2 MPI processes
See https://petsc.org/release/faq/
lid velocity = 0.0016, prandtl # = 1., grashof # = 1.
[0]PETSC ERROR: ------------------------------------------------------------------------
[0]PETSC ERROR: Caught signal number 4 Illegal instruction: Likely due to memory corruption
[0]PETSC ERROR: Try option -start_in_debugger or -on_error_attach_debugger
[0]PETSC ERROR: or see https://petsc.org/release/faq/#valgrind
[0]PETSC ERROR: or try http://valgrind.org on GNU/linux and Apple MacOS to find memory corruption errors
[0]PETSC ERROR: configure using --with-debugging=yes, recompile, link, and run 
[0]PETSC ERROR: to get more information on the crash.
[0]PETSC ERROR: --------------------- Error Message --------------------------------------------------------------
[0]PETSC ERROR: Signal received
[0]PETSC ERROR: See https://petsc.org/release/faq/ for trouble shooting.
[0]PETSC ERROR: Petsc Release Version 3.17.4, Aug 01, 2022 
[0]PETSC ERROR: ./ex19 on a  named fusion131 by mjk557 Tue Aug 20 13:00:17 2024
[0]PETSC ERROR: Configure options COPTFLAGS=-O3 CXXOPTFLAGS=-O3 FOPTFLAGS=-O3 --download-hypre --with-debugging=0 --prefix=../petsc-build -on-error-attach-debugger
[0]PETSC ERROR: #1 User provided function() at unknown file:0
[1]PETSC ERROR: ------------------------------------------------------------------------
[1]PETSC ERROR: Caught signal number 4 Illegal instruction: Likely due to memory corruption
[1]PETSC ERROR: Try option -start_in_debugger or -on_error_attach_debugger
[1]PETSC ERROR: or see https://petsc.org/release/faq/#valgrind
[1]PETSC ERROR: or try http://valgrind.org on GNU/linux and Apple MacOS to find memory corruption errors
[1]PETSC ERROR: configure using --with-debugging=yes, recompile, link, and run 
[1]PETSC ERROR: to get more information on the crash.
[1]PETSC ERROR: --------------------- Error Message --------------------------------------------------------------
[1]PETSC ERROR: Signal received
[1]PETSC ERROR: See https://petsc.org/release/faq/ for trouble shooting.
[1]PETSC ERROR: Petsc Release Version 3.17.4, Aug 01, 2022 
[1]PETSC ERROR: ./ex19 on a  named fusion131 by mjk557 Tue Aug 20 13:00:17 2024
[1]PETSC ERROR: Configure options COPTFLAGS=-O3 CXXOPTFLAGS=-O3 FOPTFLAGS=-O3 --download-hypre --with-debugging=0 --prefix=../petsc-build -on-error-attach-debugger
[1]PETSC ERROR: #1 User provided function() at unknown file:0
--------------------------------------------------------------------------
MPI_ABORT was invoked on rank 0 in communicator MPI_COMM_WORLD
with errorcode 59.

NOTE: invoking MPI_ABORT causes Open MPI to kill all MPI processes.
You may or may not see output from other processes, depending on
exactly when Open MPI kills them.
--------------------------------------------------------------------------
[fusion131:805704] 1 more process has sent help message help-mpi-api.txt / mpi-abort
[fusion131:805704] Set MCA parameter "orte_base_help_aggregate" to 0 to see all help / error messages
2,5c2,39
<   0 SNES Function norm 0.0406612 
<   1 SNES Function norm 4.12227e-06 
<   2 SNES Function norm 6.098e-11 
< Number of SNES iterations = 2
---
> [0]PETSC ERROR: ------------------------------------------------------------------------
> [0]PETSC ERROR: Caught signal number 4 Illegal instruction: Likely due to memory corruption
> [0]PETSC ERROR: Try option -start_in_debugger or -on_error_attach_debugger
> [0]PETSC ERROR: or see https://petsc.org/release/faq/#valgrind
> [0]PETSC ERROR: or try http://valgrind.org on GNU/linux and Apple MacOS to find memory corruption errors
> [0]PETSC ERROR: configure using --with-debugging=yes, recompile, link, and run 
> [0]PETSC ERROR: to get more information on the crash.
> [0]PETSC ERROR: --------------------- Error Message --------------------------------------------------------------
> [0]PETSC ERROR: Signal received
> [0]PETSC ERROR: See https://petsc.org/release/faq/ for trouble shooting.
> [0]PETSC ERROR: Petsc Release Version 3.17.4, Aug 01, 2022 
> [0]PETSC ERROR: ./ex19 on a  named fusion131 by mjk557 Tue Aug 20 13:00:18 2024
> [0]PETSC ERROR: Configure options COPTFLAGS=-O3 CXXOPTFLAGS=-O3 FOPTFLAGS=-O3 --download-hypre --with-debugging=0 --prefix=../petsc-build -on-error-attach-debugger
> [0]PETSC ERROR: #1 User provided function() at unknown file:0
> [1]PETSC ERROR: ------------------------------------------------------------------------
> [1]PETSC ERROR: Caught signal number 4 Illegal instruction: Likely due to memory corruption
> [1]PETSC ERROR: Try option -start_in_debugger or -on_error_attach_debugger
> [1]PETSC ERROR: or see https://petsc.org/release/faq/#valgrind
> [1]PETSC ERROR: or try http://valgrind.org on GNU/linux and Apple MacOS to find memory corruption errors
> [1]PETSC ERROR: configure using --with-debugging=yes, recompile, link, and run 
> [1]PETSC ERROR: to get more information on the crash.
> [1]PETSC ERROR: --------------------- Error Message --------------------------------------------------------------
> [1]PETSC ERROR: Signal received
> [1]PETSC ERROR: See https://petsc.org/release/faq/ for trouble shooting.
> [1]PETSC ERROR: Petsc Release Version 3.17.4, Aug 01, 2022 
> [1]PETSC ERROR: ./ex19 on a  named fusion131 by mjk557 Tue Aug 20 13:00:18 2024
> [1]PETSC ERROR: Configure options COPTFLAGS=-O3 CXXOPTFLAGS=-O3 FOPTFLAGS=-O3 --download-hypre --with-debugging=0 --prefix=../petsc-build -on-error-attach-debugger
> [1]PETSC ERROR: #1 User provided function() at unknown file:0
> --------------------------------------------------------------------------
> MPI_ABORT was invoked on rank 1 in communicator MPI_COMM_WORLD
> with errorcode 59.
> 
> NOTE: invoking MPI_ABORT causes Open MPI to kill all MPI processes.
> You may or may not see output from other processes, depending on
> exactly when Open MPI kills them.
> --------------------------------------------------------------------------
> [fusion131:805724] 1 more process has sent help message help-mpi-api.txt / mpi-abort
> [fusion131:805724] Set MCA parameter "orte_base_help_aggregate" to 0 to see all help / error messages
/ssd_scratch/petsc-bout/petsc-3.17.4/src/snes/tutorials
Possible problem with ex19 running with hypre, diffs above
=========================================
Possible error running Fortran example src/snes/tutorials/ex5f with 1 MPI process
See https://petsc.org/release/faq/
[0]PETSC ERROR: ------------------------------------------------------------------------
[0]PETSC ERROR: Caught signal number 4 Illegal instruction: Likely due to memory corruption
[0]PETSC ERROR: Try option -start_in_debugger or -on_error_attach_debugger
[0]PETSC ERROR: or see https://petsc.org/release/faq/#valgrind
[0]PETSC ERROR: or try http://valgrind.org on GNU/linux and Apple MacOS to find memory corruption errors
[0]PETSC ERROR: configure using --with-debugging=yes, recompile, link, and run 
[0]PETSC ERROR: to get more information on the crash.
[0]PETSC ERROR: --------------------- Error Message --------------------------------------------------------------
[0]PETSC ERROR: Signal received
[0]PETSC ERROR: See https://petsc.org/release/faq/ for trouble shooting.
[0]PETSC ERROR: Petsc Release Version 3.17.4, Aug 01, 2022 
[0]PETSC ERROR: ./ex5f on a  named fusion131 by mjk557 Tue Aug 20 13:00:23 2024
[0]PETSC ERROR: Configure options COPTFLAGS=-O3 CXXOPTFLAGS=-O3 FOPTFLAGS=-O3 --download-hypre --with-debugging=0 --prefix=../petsc-build -on-error-attach-debugger
[0]PETSC ERROR: #1 User provided function() at unknown file:0
--------------------------------------------------------------------------
MPI_ABORT was invoked on rank 0 in communicator MPI_COMM_WORLD
with errorcode 59.

NOTE: invoking MPI_ABORT causes Open MPI to kill all MPI processes.
You may or may not see output from other processes, depending on
exactly when Open MPI kills them.
--------------------------------------------------------------------------
Completed test examples
